transaction;cheeses;dates;quantities
455f9c7a-e8cd-4bc9-a5dd-6fc2704d09ac;Brie de Melun AOP;09/02/2020;2
f8118f9f-5924-41eb-9318-96da9f1a41e4;Petite Bonde;21/11/2021;4
59bcced2-c72a-448c-9f6e-1f23b8f2f020;Pavé Fermier;26/12/2020;4
18355150-dd95-4eda-8839-22f9b4c0e8b2;Tomme de Tarentaise fermière;11/05/2020;1
a84cd84a-d2bf-4a28-9255-ab5baeacb11a;Beaufort AOP;08/05/2020;3
7e97c4b9-acb4-4d15-9dd5-9ccb737c0524;Moelleux du Revard;08/10/2021;5
1c28e38f-f956-48ea-a3bb-6bb6b46d9f56;Galopin;16/03/2021;5
e3426eb0-bad9-428c-88ed-f7d85667adc4;Coulommiers;06/08/2020;5
879441f0-b397-4c2a-a04d-c981dba94bdc;Sablé de Wissant;07/06/2020;5
681e6ccc-e163-4ba8-89c2-83c2f46776fe;Tomme de Brebis de l’Ardèche;30/08/2021;4
5b19717a-4ed9-48fe-91cd-e4fc60a48024;Raclette de Savoie artisanale IGP;28/12/2020;3
53a44ba8-45dd-4056-9891-79d0f2e31e26;Kalaka;19/12/2021;4
e4935506-6578-42f7-b62a-d144ebdb1c29;Cheddar Extra-Mature;22/10/2021;1
660d8079-9e1f-4364-92cf-fc2dbe18ab0e;Pierre Blanche;19/06/2020;3
66452aca-9b48-4eaf-b3a5-c02d1afc87cc;Cœur Gourmand Figue;04/06/2021;3
3e2bdf09-984d-4d21-9675-ff87683e4315;Raclette au foin;28/10/2020;5
e6ecd5ea-a593-4a0c-94d9-8551981f46fa;Tomme du Limousin;06/09/2021;3
4bb637ea-b9a1-4840-8575-08c506d2e561;Tomette de brebis Etchegoinia;09/07/2021;3
56421c77-a994-4b78-b544-875881dc0bdc;Crottin de Cocumont;26/04/2020;5
c0b2e8fe-eb25-466c-aaee-56541465dcb8;Brie de Chèvre;01/07/2021;3
b5ca9fc4-83f7-4021-babb-9f658fce3d25;Chèvre cendré de Cocumont;16/10/2021;4
f7f9f662-e290-4959-a668-ad1daf863ac9;Cancoillotte à l’ail;09/03/2021;4
51156897-0828-4bd3-95bf-20d8756cc323;Pont l’Évêque;18/06/2020;1
e340d969-9a3d-4978-b86f-dc547d3509a1;Couronne des 4 Montagnes;12/06/2021;4
47259498-088e-4fd2-b3a1-851bd62870d3;Cantal AOP;03/11/2020;5
b2fb27f2-1445-4f9a-9d99-73b12bce25ef;Bleu fermier de Haute Savoie;03/10/2020;1
ddfb51e7-e28f-4caa-a262-1e5a15caa6a1;Colombier des Aillons;22/12/2021;5
8396736d-e94e-4603-811d-5c580f11ddb1;Cheddar Extra-Mature;02/07/2021;3
f13da806-e216-44cc-9881-d6333b1a830e;Crottin du Viornay;20/04/2021;5
ccb84d40-ef7f-4b1d-a915-22eb37dd2408;Briquette aux épices;01/10/2021;3
fffdd73a-4f44-439f-ae79-edd3a7679e4c;Neufchâtel;01/06/2021;4
5c0ce639-5851-4ca7-958d-ceef8305ac5b;Bouquetou du Vernet;30/07/2020;5
9317f16a-e63d-4b2f-b59d-53afd638b707;Brie de Meaux AOP;10/01/2021;3
8fe96f79-3530-4198-b854-692775330138;Pavé cendré;23/01/2020;3
b7261024-c797-4f00-b07e-0e2e660068e8;Raclette de Savoie artisanale IGP;03/05/2021;4
6b74bc85-7526-4bfe-a28d-8fb84c645746;Saint-Félicien;23/04/2021;3
65c8fadb-8bac-40a5-bc25-ed7239331481;Bleu de brebis;06/06/2021;4
605fc449-9fcc-47f2-9de5-674a817ad5c0;Moulis de Vache;23/05/2021;2
ae217be2-f3bc-4dbf-ba24-5e8a88b8cbac;Vully rouge Suisse;13/06/2021;1
ad20a201-6c6d-4ab6-818e-684a86d3a27f;Abondance;28/01/2021;4
582c7c44-eb6e-4ac7-af52-385322509288;Picodon;04/07/2020;2
982054c2-ea31-43e0-bbd5-219f0b8d9c62;Brie de Melun AOP;11/01/2020;4
278953f8-f0c6-4c2c-99af-8aede3528f4e;Galletout;06/05/2020;1
43eb68d3-9abd-4fe3-afd4-88930f47b837;Fontina d’alpage;18/07/2021;2
6e9ab6e7-1536-466c-88e8-3a616803b424;Tommette de Chèvre de Savoie;16/05/2021;4
d5b5c54b-80ba-4cc3-9bf9-723b49e2f389;Roue cendrée;14/01/2021;4
504c980b-68da-40d2-9855-8d59b34bc86d;Galet boisé;29/07/2021;3
933242e6-3dbc-44a5-83e0-9baa44984008;Tomme de chèvre grise;24/07/2020;5
917bf48e-407a-4adc-bf3d-891ed4409b44;Fourme de Montbrison;04/04/2020;1
c1ec8bf5-7807-4a88-b541-4f710515d0d3;Brie de Meaux AOP;27/10/2020;3
a8b079e8-1b78-426f-81bc-c66b322a22e9;Bleu de la Chataigneraie;23/01/2020;1
978ad6fe-91cd-4678-a682-27bbebfda73a;Charolais AOP;15/10/2021;1
8c6da79b-ddd5-4e8c-8e02-f5045d7699a1;Tomme de chèvre des Pyrénées;01/05/2020;1
6d7da3a4-aa45-4e6c-a449-ba6af7e7ad23;Tomme de chèvre des Pyrénées;11/11/2020;5
db972d4b-c69c-446b-bb7e-3105fd4c0163;Skieur;29/07/2020;1
804470a6-2c70-43aa-8bc4-ca9795c16dd6;Vacherin Mont d’Or AOP;23/02/2020;4
f648fcd5-e200-40ee-8947-038abadd7ace;Guérandais fermier;20/06/2021;3
43d43da5-3254-4099-87e4-c7bcb7af89d1;Fontina d’alpage;29/06/2021;4
3cc93d88-dfb3-4e9e-970d-aaf4c3a608e0;Grand Camembert;27/11/2021;4
2e825208-86cd-40b9-9ed2-e455803747d5;Tomme céronnée;17/03/2021;1
e5882ca9-cdab-404e-8b47-c76479dd8ce7;Fournols;24/12/2021;2
b246c84d-5f33-4185-88d2-4ceee963af09;Cantal (entre-deux);07/03/2021;3
9056c217-be89-474f-9f81-e89be1b7ca92;Pérail de Brebis;22/04/2021;2
e544393d-5540-462c-a96a-491020adc0f9;Ariégeois;23/05/2020;2
26312403-a66d-4b21-ba45-97d1d2b5ab3e;Tomme fermière du pigeon blanc;04/12/2021;1
ecb9cd34-72f5-4091-a95b-a4966c3eab21;Fougerus;22/10/2021;4
28bf72de-86c7-4adf-b176-4cc0c101aadb;tête de Moine;01/02/2021;5
942e8f33-2c6e-4770-8bf1-8d1f7baa8928;Petite Bonde;01/11/2021;2
81cc1925-7b59-4b83-b5e4-3b44aba94dd7;Tomme de Rhuys;16/06/2020;2
572a7131-57c2-42a3-9748-7334b9466a36;Mascarpone;07/07/2020;3
15d8bcaa-6930-4239-bd95-6edee4b22137;Petit Louvie;01/06/2020;1
a1975f75-fb7f-46c4-97a3-3a3bec955a6b;Brézain (Raclette fumée);17/09/2020;4
6cdb6b9e-bc2b-4323-9d9f-434e9dfd1ead;Vacherin Vaudois;03/02/2021;2
da95b57a-f75c-4e77-8d86-ff04b3fb7ebb;Couronne lochoise;20/06/2020;4
39c934cb-76e8-40c4-9932-beb8e34f15a5;Mothais sur feuille;04/09/2021;4
fd22cf92-de60-4569-af4f-aff490f4c923;Tomme mixte Chèvre-Brebis;25/03/2021;3
6dea7de4-39d6-455f-8aa0-381cf550941b;Fleur des Alpes;04/08/2021;1
6e5a45f5-1819-4ae2-b59b-3f9bc5ad1abc;Tomme de Rhuys;26/07/2021;3
adad268d-069d-4954-9e73-c0b219e9485a;Taupinière;06/03/2021;3
0eadba5d-8508-4cf7-bce0-57d4c9231ebd;Tomme de Brebis de l’Ardèche;19/09/2020;1
3727c4a7-89b5-4cbc-afd0-5d0da069e427;Tomme de Brebis au Piment;09/09/2020;3
8f5955f9-0613-4a77-b12e-1a41f56e2953;Tomme du Jura Rième;03/07/2021;1
057e7253-ca6f-4a9b-81ce-41635e3d0b14;Saint-Marcellin;28/04/2020;1
b285411a-01eb-4781-acd1-67a1480fa9e2;Comté AOP;15/12/2021;2
b59c2462-3d9f-4bd9-823f-e8d54d3b2334;Petit Louvie;02/09/2021;1
ea9efef6-0d03-42f5-a59f-36ee6e31c4ff;Calisson cendré;10/09/2020;1
9aaf0fb3-e4e5-4fc6-bd01-74f3b4e3da51;Charolais AOP;20/12/2021;1
7789f5c5-e248-4f45-aef4-d556937a436f;L’Angors;30/08/2020;5
6d12cebd-5609-466c-8f5a-29180f9dc0a0;Jolirond;05/08/2020;5
67b3873d-0c54-406c-9219-4f4297f26d0a;Tomme de Brebis au Poivre;23/10/2021;4
43011302-0c6f-4694-ad72-35a288562b6b;Raclette de Savoie artisanale IGP;28/04/2020;5
d4f8cb4a-a3b7-474f-8c64-3d53cfc2083a;Selles-sur-Cher;05/09/2020;3
d65fbf98-2c76-479f-bb8e-6603870cbd80;Chaource fermier AOP;14/10/2021;4
bddc1298-40f9-4423-aa4e-1cfb666b6d8c;Pouligny-Saint-Pierre;29/05/2021;5
b2fd241d-f7b1-489c-b089-b131cc3ba3c5;Ovalie Romarin;26/03/2020;1
93ce03f9-42ab-42c7-ad46-1e626e90bc58;Persillé de Chèvre;03/11/2020;5
50d1d69e-cbd0-43cf-889a-a7c270ee4f75;Abondance;16/04/2021;2
d6809875-babb-4e55-af03-b01410c5ed09;Brillat-Savarin Truffoné;16/03/2020;4
30f4f94e-a898-4d59-aec3-6e02abdf5f98;Selles-sur-Cher;28/09/2021;5
dcad0810-140d-426c-8a79-866b6d843534;Bleu de Planèze;17/07/2020;3
0f30f78f-a08b-4b84-a62d-c3f975df7abb;Parthenay cendré;04/08/2020;4
ce03d59a-9435-4ac3-b440-a183ce668d39;Galet de la Loire;26/12/2020;1
78f2a99e-bab9-4f89-acd1-87bc5901a600;Cabri au sel de Guérande et aux aromates;13/09/2021;5
edacd085-ee3f-4fc1-887d-cc09244dfaa5;Camembert de Normandie AOP;11/09/2020;4
38426e0d-16b7-4f4b-a513-242730ebd6d9;Brie de Nangis;06/05/2021;4
cc008db0-de0e-4512-ab50-f547c194ab1b;Anneau de Saint Clément;13/08/2021;3
005506a5-81b1-467c-8622-b7a955853bc7;Tomme brossée à la bière;04/05/2020;5
0c524579-77e6-407d-bc6d-015b8043bec4;Crottin blanc;16/11/2020;5
e2292db4-c588-457b-a4ad-ec24a8673ede;Fourme fermière Valcivières;05/02/2021;4
a8c46207-c0b2-47c9-b9e2-54219e32c85e;Cambozola;05/02/2020;2
b870c14b-050c-49cf-84ae-b80d635274f9;Couronne des 4 Montagnes;18/12/2021;4
c388d2df-907c-4dce-9d40-d811807ab548;Chèvre cendré de Cocumont;04/04/2021;4
de7d2281-2e8b-4f06-a21b-3cb14a4ab65d;Bleu des Causses AOP;21/09/2020;4
eafc393d-68ed-4bda-9d0c-496a95277d77;Rovethym;16/02/2021;2
4996da0b-4b51-438a-ae4f-cf0812e122ef;Gouda 48 mois;30/12/2020;5
f33beba4-30a5-4d23-aa79-25c674795837;Tomme de vache du Béarn;15/08/2021;5
663df670-11a8-4291-a140-347ae697fd54;Emmental;02/07/2020;3
3710e8f3-5811-4594-ac26-2ae2a6534b83;Pitchou;04/03/2020;2
595b0948-2dda-4272-9cb5-d2aa662ff086;Vercorais;21/01/2021;2
6a095002-a200-4e72-8a0e-a86bddf7092d;Cabri Sel Fou;13/03/2021;1
81d64c20-9f86-4b58-a31b-81a19efbffd3;Raclette de Savoie artisanale IGP;04/07/2020;4
004cf832-d252-4ff4-8259-0a03c9499f04;Mont d’Or;27/11/2021;4
c43c5047-f051-4c9e-9303-7229c432ce54;Crottin de Cocumont;03/08/2021;2
b4897b92-afcd-4585-8964-948115ef2ca7;Petit Louvie;03/06/2020;4
662f8c43-ee60-40c3-9d0c-52d84489a99c;Anneau de Saint Clément;23/10/2020;4
2e92e1c3-03f5-49a2-ac41-e797895ecc2b;Cabri au sel de Guérande et aux aromates;23/10/2021;2
d71c136c-ec98-46aa-a104-56b958866114;Tomme Ail des ours;30/05/2021;4
0c99557c-38aa-4ae7-86aa-db1acf5667f9;Carré blanc;20/12/2020;2
b3f6a0d9-fe82-45a9-b3d0-1b9c3564119d;Tommette de Chèvre de Savoie;12/05/2020;4
fc28f944-48eb-4e52-836f-c1159bf289ec;Selles-sur-Cher;12/10/2020;5
6547285b-831b-4a6f-92b9-69673f441ab2;Gruyère Suisse d’Alpage AOC;30/01/2020;4
f363b07b-8462-4e72-b878-5cd282880eb0;Lambet;06/11/2021;1
558ffa86-1ff3-4a7b-94ef-f15c22aa705c;Pélardon;06/05/2020;2
7a39ca48-69e5-4e29-8870-57cbbc4a1fd2;Guérandais fermier;14/10/2020;2
9cb25fe5-cf76-4f7c-a154-a1f50a4ee79a;Fourme fermière Valcivières;12/12/2020;1
04c68dab-9076-4326-9605-c7842bf721a7;Ovalie Romarin;22/06/2021;3
4c0297db-5c72-4443-93c8-8b8c919d6721;Cambozola;02/05/2020;5
82717eb1-a3f2-467c-9a8f-6e642c6a8909;Bleu des Causses AOP;31/10/2020;1
dcf5c4a6-fffe-4a8e-9a81-24aa2ebbc5d6;Brie de Meaux AOP;13/11/2020;4
e8dc7674-1290-4b31-9ef5-9f023b132a38;Tomme de chèvre des Pyrénées;17/10/2020;4
1175e7f2-1438-47d6-b84b-c0d0ed1fceb4;Palet cendré;26/06/2020;3
301dbf2c-9026-4bf5-9312-9c2aedcec829;Taupinière;18/01/2021;2
8f594a5a-cebd-4aa2-8794-f8dd983fd2d6;Flocon de Savoie;23/01/2020;1
31e2dc98-3d3b-48af-979e-75486cbc0b66;Buchette blanche ou cendrée;27/01/2020;2
e4d14508-1a28-4671-bf2b-3b21d7d33ea4;Munster au cumin;25/08/2020;5
67231e8a-12a5-480a-b9f7-7df60b65ec27;Tomme de Berry;16/10/2021;2
d65793f0-0b78-4954-92d6-0ee3b123ba81;Brie de Brebis;11/05/2020;3
88529033-4932-457c-af12-fb6452ba97a7;Lambet;19/07/2020;1
a83b0b9e-8592-4b51-be60-459de042af14;Brillat-Savarin AOP;01/08/2021;3
972d839b-e55f-4ae0-b176-c0e9e01ed8c2;Fourme fermière Valcivières;16/12/2021;3
c404a62b-c5c1-41fa-9454-b7d51349e411;Chartreux;28/05/2021;3
42cb61d6-0e91-44ef-bc02-119b790bff3e;Epoisses;18/03/2021;2
b4bda5c7-4ef9-4234-9d5c-b7c663702c4f;Chevrillon;22/09/2021;5
3ffeb29b-9dd3-49e0-98a4-250793cb9886;Tomme du Limousin;07/04/2021;3
f058c099-a22d-4300-9476-fb00732c2779;Saint-Félicien;18/11/2021;3
7ecf5b6e-c6b1-4e7c-b0b5-e9b017205a2a;Pouligny-Saint-Pierre;07/12/2021;4
3a9e8f84-d3e9-4890-a6e7-fa65fa3fa23b;Tomme de Brebis des Pyrénées;16/09/2020;4
94946c79-aa0b-463b-86ac-512178e7514c;Vully rouge Suisse;15/07/2021;2
4f353982-b774-409f-8847-17e1c27ae9fb;Mizotte;02/01/2020;5
485ccb61-6fa9-433e-82af-69e53d19555a;Tomme de Rhuys;08/03/2020;1
30332f98-2ef5-49ba-874a-c19bdd6a6abb;Cabri au sel de Guérande et aux aromates;09/04/2021;4
df8ca916-36f4-439c-9565-031a6bd7a63e;Pardou;10/12/2020;4
c57736ee-4c16-4662-a564-0a7dc7917082;Tomme de Brebis au Poivre;22/10/2020;5
9f3c6ec3-e695-444a-9254-0dbc4f410584;Pont l’Évêque;15/07/2021;2
c0ac59cd-ffcf-49a0-9c6a-dcaf41c1a4ca;Tomme crayeuse fermière;27/08/2021;1
22f7d3e6-7e19-4c3c-b120-4b914869cf7a;Maroilles;04/11/2020;1
8e068b9c-7a48-47c5-905d-bde8d2fdbd52;Tomme de Montagne du Jura Suisse;28/03/2021;5
8c978ad6-5fd8-4785-988f-246815cdd6d0;Tourret;02/08/2020;1
bfc5b1e1-8686-45bc-bd95-7628f3cca77e;Gorgonzola cremoso AOP;20/12/2021;5
15876151-4548-4c8b-9259-f2d165235095;Tomme au foin;17/08/2021;5
ac96a09a-2b02-404e-b719-a7c9223b3d60;Bleu de Gex;17/11/2020;2
748b1d1b-1a01-4fdb-81a9-54959937dc24;Pavé cendré;08/01/2020;1
deb6acb6-0f96-44e2-a55a-726a6d3cef41;Meule d’été de Savoie;29/03/2020;4
a7dda749-6ae9-40fa-879b-aa2133c8f32e;Carré Le Saulnois;11/04/2020;5
a3a939f3-6c2d-48a9-90be-2833932c5006;Munster au cumin;12/11/2021;1
d8ca1da7-aabf-4c3c-86c0-a2f5473e37a4;Tomme de Brebis du Béarn;08/02/2020;2
660fc63c-9c1c-48c5-99b5-9eadb2ed6f4a;Chabichou du Poitou;07/03/2021;4
8b35deb7-827b-4417-9e46-d0fbcbc7a324;Briquette;03/02/2021;3
8d7042ff-eb78-49ff-9895-82df230f342d;Briquette du Nord – Domino;26/04/2021;5
df866670-deb1-4996-aa06-d6fd73cc4ff9;Brie de Chèvre;29/08/2021;3
effbe85f-3ab5-4aeb-9461-a661d77157a8;Ossau-Iraty;15/01/2021;3
bb731a4c-f562-4532-bf61-e9548e0d9393;Abondance;08/06/2020;4
f1c0d5ea-a696-4b3b-9f3a-b20bbc0173f3;Cantal AOP;14/05/2021;2
9f455c0c-d525-40d1-a6b6-afff0f2e8e1a;Compostelle;07/05/2020;2
148e4a01-8e57-4cd5-a679-15093c44f8d5;Carré Le Saulnois;19/02/2021;1
b8231158-15e1-477a-9b1d-20a5fcf3ec12;Bleu du Val d’Aillon;12/12/2020;2
499fcceb-fecf-4478-aaae-7e38d3a30c80;Tomme brossée à la bière;29/01/2021;4
b3baaa82-8cb9-4055-aa68-7f255ded442e;Souréliette;27/03/2020;5
8c92a921-9aed-42b7-b753-4d9156d7dcd9;Tomme mixte Vache-Brebis du Béarn;22/05/2021;4
63078fe7-72c6-42d1-8af8-8e79f2e188ce;Couronne des 4 Montagnes;23/03/2021;4
67187267-1458-4ec8-9901-76cf909bcb2f;Tome le Saulnois aux cones de Houblon;02/01/2021;5
28c1d9cf-a6bd-459d-bfe2-c5c090fb785a;Pavé Corrézien Mité;30/04/2020;5
f577e31d-982a-46a6-946e-d74494ad82e5;Brie de Nangis;20/09/2021;2
d31ab76d-bb42-416e-851e-9e6ed241b472;Palet cendré;23/06/2021;3
e390e4b7-036b-4890-b389-b99ec26bfd0c;Mimolette;03/08/2020;4
9ca12298-d90a-4087-9735-69a18b9a1005;Tomme fumée;04/07/2020;4
41e6cb10-f909-4b5e-a2d5-0da14b2ebc15;Mont d’Or;25/12/2020;2
24925c94-5f81-4b00-9194-cd40104d496c;Crémeux du Jura;22/09/2020;3
f238e7df-6155-43fc-ac7d-f5e619f05b37;Grand Carré;25/05/2021;1
5ba6080c-880e-4e50-a5f9-03247d501461;Brie de Melun AOP;06/03/2020;1
90243309-0b66-41c3-8e4f-73c9657ae26d;Buronnier de l’Aubrac;16/07/2020;2
e5b0b858-2477-42ca-bfdc-69e92dc28eb5;Bleu d’Auvergne AOP;05/12/2021;2
a4ea39b8-5d78-4cf6-8a3a-4b1eaccc8b71;Pavé des Cévennes;01/12/2021;4
73ffe66a-b257-4f4f-b48b-8b95b69e1512;Margeriaz;29/01/2021;1
5db9a752-206c-431f-a3a3-0e1aa79f0189;Bleu de Planèze;20/12/2020;3
10f1e496-f5c5-4533-9148-4b1194a56070;Taleggio;05/02/2021;1
08a3d607-f861-4f7a-8bbb-6e16bccd9cbb;Petit Gaugry;07/08/2021;4
e7eba410-947e-4451-9971-cbf9ec3aef2b;Pérail de Brebis;10/04/2020;5
6c806270-be58-48c1-8e10-ae6342eea251;Petite Bonde;01/01/2020;1
100d28c3-64aa-45dc-a667-2954ffbb8cf9;Brin d’Amour;22/09/2021;1
add0bf2c-1b08-4f4d-9cd9-ffd67018029e;Délice à la fleur de sel;28/07/2021;2
cd0f2422-4d8b-4a98-93b7-85cfc7c87d3e;Galet boisé;27/04/2021;4
71c495f0-0648-4ca9-af97-85e7b2c109c8;Tomme de Tarentaise fermière;03/04/2020;1
de15c886-3a09-4386-9ec3-c6733db61c80;Tomme céronnée;28/02/2021;5
a73fa444-324f-4bf7-a11e-dead0dcc710f;Tomme de Montagne;03/02/2021;4
24817d30-30f6-4900-8210-a8a962161067;Fleur du Maquis Corse;22/06/2021;5
115e6e93-2e16-4cc2-9814-562b319ae8cf;Pitchou;13/03/2020;5
67f25761-61bb-4c45-85a5-02229a8be06a;Ovalie Romarin;30/08/2020;1
0a479159-69e6-41f3-be37-9b837c772d3a;Mascarpone;19/07/2020;3
c24e9e59-86a0-4379-9faf-a9a13e000e6d;Cœur de Savoie;25/09/2020;5
6a1029e0-54a0-4886-b9a7-b67a7947c859;Tomme de Tarentaise fermière;11/05/2021;3
a77eeaba-8027-4f6c-997d-7e20fe2c2d3e;Cheddar Little Black Bomber;22/09/2021;3
beaa87c6-abbf-4c3d-9189-1b12564a7f2f;Epoisses;22/06/2020;1
be94db68-a668-4ac7-bbdd-fb69bbde5475;Gruyère Suisse d’Alpage AOC;06/04/2021;4
efdffdb0-eb31-4a8c-90bc-7df12de1008a;Tomme mixte Vache-Brebis du Béarn;16/04/2020;3
101ba850-8e54-4125-a398-66e0892d5af9;Cancoillotte à l’ail;23/01/2021;2
2be7e861-f313-4639-aacf-9bbeed283df6;Pont l’Évêque;22/08/2021;1
ed1863bf-a148-4140-a738-fd622ad9258b;Raclette;14/09/2021;5
c15eafb4-1515-4961-bfbf-ce9b1c4166d9;Petit Gaugry;27/08/2021;4
4f51d8dd-5865-4f62-ba9c-a940517ba180;Tomme de Brebis des Pyrénées;30/03/2020;5
65723399-a348-478b-b230-270a4ab0dc45;Couronne des 3 Seigneurs;02/06/2021;5
f6baf8ec-2499-4b8a-9639-c8406e969d44;Coeur d’Alvignac;19/12/2021;1
3afca4a2-3a8e-44e5-bbd9-95068a73f156;Fourme fermière Valcivières;11/03/2021;3
0c5fbb03-0be4-41dc-bb26-bec7cfde0a35;Couronne des 3 Seigneurs;11/04/2020;5
befa1b59-4482-4d5d-8481-73f2a12c4282;Vieux Lille;17/02/2021;4
e172a3db-e20e-4ca3-8d8e-8779e843cf79;Crottin de Cocumont;15/08/2020;2
b129aec7-f938-446f-af64-b9c2a461d6c1;Chevrillon;04/04/2021;4
7de7e21a-da58-4d2f-a57d-4afb7d555214;Tome des Bauges AOP;09/10/2020;1
a559171a-1379-437e-aca6-ec94db4d57cc;Moelleux;22/06/2021;5
81594e99-62ba-4a01-b6ea-0c245e4a3025;Grand Camembert;21/04/2020;4
9912000f-0488-4fa0-96db-632c11a6fbd0;Galernois;01/07/2021;4
1385371c-8d4d-455a-8924-8070b0de1273;Saint Mont Crémier du Jura;02/02/2021;5
e805529e-5aba-456d-9642-d91b9eed44a9;Valençay;27/09/2021;4
14e17104-7d21-462c-a284-586493dc3bd6;Galopin;04/06/2020;5
226e3736-b7ee-4553-a41e-097fd8558211;Fourme d’Ambert;02/02/2020;1
31cb7f2f-5c74-4e33-acfd-999ba67e6ea6;Tomme mixte Chèvre-Brebis;04/12/2021;2
96aa2dbf-4fe1-4fb8-830c-984a2ed1a85c;Tomme de vache au Muscadet;07/08/2021;4
6535706b-e480-4377-8364-5925243585d6;Tomme fermière;10/08/2021;2
37df4934-ff26-4be0-a4a3-60711b59f98e;Brie de Melun AOP;18/11/2021;4
af1cf6bd-059f-41ce-9bb9-3de3f6b82431;Tricorne;19/07/2021;3
a87e0821-0284-4115-bda9-59bc828f6e41;Bleu de brebis;30/08/2021;1
01c1ac65-24f2-49c2-bb2f-099359836c81;Fourme fermière Valcivières;27/10/2021;1
2e5aa25a-518c-4940-8fed-59c4749844e8;Epoisses;14/08/2021;1
92ddcaa2-ac1e-42db-87dd-d0ee075086ef;Petite Bonde;22/11/2021;3
d791ae46-b0e6-4c35-9d96-d4d0f4e5c156;Pomerol;15/01/2021;2
e89e893a-d7af-4e60-882b-78c26f77cc29;Raclette de Savoie artisanale IGP;24/01/2021;4
cbc59810-8d10-4b8a-9956-cd7027915c16;Mini perche;02/05/2020;3
104f9f07-9fab-4417-b024-8432efd84c38;Pélardon;11/06/2020;1
b61c3ca5-4691-46e8-8fc2-549524437089;Briquette aux épices;01/07/2021;3
496887e3-8886-4282-9582-a0c0c15f3cd6;Cheddar;03/07/2021;5
ce28e4da-046d-4394-ac76-6a9747f418b6;Tomme de chèvre de Savoie;27/08/2020;5
f62e7fe5-5afb-4437-ab04-348a0d40a6f2;Petit Chistera;23/08/2021;2
9b24553b-3db0-4c1e-9198-5f838070fbdb;Le Pic;19/12/2021;3
d112501d-cb6f-432c-9071-ba950e7f2b81;Ariégeois;25/07/2020;5
08126b75-2ed2-4973-b24f-ac4477ea8f5c;Kalaka;20/07/2021;3
5e4bda3e-5015-4d84-b155-780048b86245;Tomme Kaïkou;19/10/2020;2
3f88b34b-1a63-4bba-a1f7-375912372d91;Mont d’Or;02/12/2021;5
04649f7d-4649-4f2b-a3db-93d85f1f2beb;Tomme de vache au Muscadet;13/11/2021;4
adc707c2-4b7f-49c5-bcd0-ea17fc5fd1d2;Mini perche;09/12/2020;5
21275e8f-a5f2-4b16-9e14-44cd71a9be9a;Anneau du Vic-Bilh;07/04/2020;2
973b25e6-3284-4496-a217-18d58eccf34e;Taleggio;04/01/2021;5
887bd2c9-d2e7-4791-a560-03495acb6857;Brie de Melun AOP;24/03/2021;5
26fa0849-dc59-481a-b48f-51ed405c2099;Grand Camembert;29/02/2020;4
baa0cd1f-daee-4893-baee-3439a1ec7068;Reblochon;15/09/2021;1
0f49c216-5c85-4e54-83f5-b228dcb71eb1;Bleu de Planèze;26/11/2020;3
f62a8440-57c7-4d6c-bd29-cec6280506e0;Pélardon;06/06/2020;3
a537a456-c8cd-4099-b3bb-670db8a6d73c;Kalaka;25/07/2020;5
41fe7404-5c2c-46df-8bb4-42e794915b0e;Beaufort AOP;26/03/2021;3
42942aa3-147f-4f92-ba94-4fb8a9553f18;Tomme de Brebis Affinée Tunnel;05/06/2020;4
6ca34dbc-7a7c-4ff1-bff7-ede81fa41d38;Tomme au foin;09/10/2021;2
22f16139-bb73-4e0f-96fb-a796876947d7;Rigotte de vache;02/09/2021;4
2b1b87c1-853f-47be-9839-0226652fd6d4;Gouda 48 mois;15/06/2021;2
d2ec46b5-ba63-4eac-983f-24c5ef4ed290;Gouda 48 mois;11/02/2020;1
15c4ba39-2a7f-49ac-9d80-ac47dd56f316;Pierre Blanche;28/12/2021;1
d7115c31-c5b5-433b-a058-421e63b45114;Cœur Gourmand Figue;19/02/2020;2
32223d46-766e-4e43-88ee-ea5f26df9a09;Brie de Meaux AOP;28/03/2020;1
cae3cfab-d2d6-48b4-9eef-9469edfc40a9;Bichonnet;28/11/2021;3
7d4a3635-ea34-4917-bb26-023f02416e59;Tomme fermière ancestrale;07/07/2020;5
d3b906da-144c-4505-a22d-223aced6a2c6;Taleggio;24/08/2020;4
7776010f-4cd7-4281-9b7d-9095656324e2;Tommette de Montagne;08/03/2020;2
6e0b6c72-b1cf-4765-b2cc-18ecf87b9117;Moulis de Vache;24/04/2020;2
6cdd2c42-0085-403d-92a9-a2f23b72e5a4;Shropshire blue;15/10/2021;3
07683175-3796-4b93-ae36-b982e2d99db8;Fleur d’Aunis;04/03/2021;4
f09574a7-d6f9-4c00-93c9-6d44c3a6f020;Baudaïe Bio;21/03/2020;2
07561548-e6b4-4e4b-bb93-aa6de6a05ffe;Briquette;02/04/2021;4
d5f9ee0b-b501-4ef8-8806-e33953a647af;Mont-Jura;05/05/2021;5
5a6cb2da-fc8b-48de-a760-4992c4b3e69c;Château Noir roulé dans la cendre;03/11/2020;1
1ae0e1d2-5130-4a05-8d43-2c46d41fbae4;Persillé de Chèvre;10/05/2021;2
7171f74c-f714-4b84-b9f7-a411bf9b30ec;Chabis blanc ou cendré;12/10/2020;4
1e4d63b3-c66a-45c4-91a5-a03c40640fd2;Bonde de Neufchâtel;08/03/2021;4
7106e049-b1dd-49ed-b4cc-d0b4d3473f9c;Meule d’été de Savoie;31/05/2020;5
7f27766a-b6b5-4988-8a92-0b459cc54ffe;Comté AOP;22/08/2021;2
9f521a39-5a58-4fe4-a248-6d37dc45a51d;Taupinière;31/08/2021;1
83b12235-733c-49a9-b6a9-2ac526538e89;Tomme fermière d’Alpage céronnée;20/12/2020;1
34b3fb70-69ca-4ee0-9d2b-d132ac1a5c40;Munster au cumin;05/05/2020;4
9bf8f2c9-4a7a-4f46-8bc6-e6ef632b7138;Bleu de chèvre;19/10/2021;4
0c64786e-a336-4754-8408-045dbb1cfbd7;Neufchâtel;28/11/2021;3
044ea265-5b3f-40e2-887b-9e446402522c;Torta del Casar;13/02/2020;3
e0dbc863-ac76-4845-b51c-54744bad185e;Cabécou;05/07/2020;5
af7d19e3-8991-4028-bddc-1421e15884a1;Salers;07/06/2020;3
70982cbb-f465-4f93-a690-9a3df864ef1f;Briquette du Cantal;30/11/2021;4
b2b43273-0eb8-4310-87ac-76ffdd75ed61;Tomme de Montagne du Jura Suisse;07/03/2021;5
fd93f94a-425c-4d3a-b01e-dedfb85c2de4;Gaperon;16/12/2020;3
7065c2ac-b727-429c-94ea-40c4b06034ce;Tomme de Yenne;08/09/2021;4
a930e7e2-ccf0-4847-b410-b9d2eeaad64d;Béret Savoyard;08/05/2021;5
93e22f64-6099-45c6-a655-7353ffb93315;Colombier des Aillons;20/05/2020;1
e3023efb-f2ae-442a-97e1-1756393d7d54;Luzenac;19/12/2020;5
dc22b9b7-beab-42b1-8553-185b9e2d1d14;Pavé Corrézien Mité;03/02/2021;5
83544b69-e10a-48e6-b890-cd2ef27800cc;Tomme de Brebis Affinée Tunnel;29/10/2020;2
aeaaa78d-f302-4747-a5e8-4f6e9a92d16b;Goudoulet;22/08/2021;5
24b4e699-b502-4d49-9bc2-fc560f352874;Cœur de chèvre;17/04/2020;3
05ab59d9-e2d9-4e5f-8122-58e1be7888a0;Mothais sur feuille;30/11/2021;5
b8951afe-00a4-47fd-a8b7-a744b05f051f;Tomme d’Auvergne Mitée;12/09/2021;1
ae595d6e-97ac-4fd6-8488-9a5c872202a4;Tomme fermière Savoyarde;06/02/2021;5
3e82f24b-355a-4826-9909-167b2f9d04b0;Tomme de chèvre des Pyrénées;15/05/2021;4
af653f73-877e-4ea3-9c5b-bd6674cd28e4;Vercorais;28/01/2021;3
ae072526-6568-4c3f-9b83-21e1a165a57b;Soumaintrain;24/01/2021;2
c9b867d4-9784-4e77-a7e1-c56ceafa84d5;Banon;06/11/2020;2
514acae7-fcb8-4b96-9e75-aa74f8fde8bc;Taleggio;17/01/2021;5
a54833ee-5410-4631-a1a1-3870b962f1e9;Vacherin de la Tarentaise;04/08/2020;3
71abaaa0-f448-46ab-8588-bf8907d9d504;Mignonne de Vendée;25/05/2020;5
137a886f-c612-4123-9ae9-aaf28392f185;Maroilles;03/01/2021;2
0457c766-9bb2-4bc8-b1e4-65abd8b1bee9;Brillat-Savarin AOP;04/04/2021;5
2545997c-c457-46c5-8485-c0319bf29567;Elgines;10/06/2021;4
c6998d49-029a-4d17-95ae-cfb48bab465a;Herve doux;12/10/2021;1
fb08c0b2-52e6-46cc-b91d-63456887d72a;Petit Louvie;17/10/2020;5
e709822d-8933-46ec-b02e-43c216c1d598;Tomme de Brebis au Poivre;08/06/2020;3
ffa26aba-ce92-4518-bd85-82380bbb05be;Péraldou;10/05/2020;3
ad7d9289-4d63-4dd0-b3ce-a03c4c96cd14;Pérail de Brebis;21/11/2021;2
1e418a5e-ecee-4735-94e7-7c51496429cb;Petit Saint Point;21/04/2021;1
8b5e167a-8a70-41ce-90b3-b9e85d7338e9;Brillat-Savarin AOP;13/01/2020;3
e67a5a99-c0ac-4428-ac4a-80a9f9d88ac1;Crémeux d’Ossau;21/04/2021;3
cc363f93-fd73-4392-8bca-8ce33db4fc71;Cœur Gourmand Figue;06/12/2020;4
33539bab-7e75-41a8-b5fb-5fee322111ae;Tomme céronnée;30/12/2020;3
318bcd47-a811-469a-a60c-10613c55d823;Shropshire blue;20/06/2021;1
d8929f69-2336-42ad-ab17-cc77824cf0b1;Pouligny-Saint-Pierre;12/02/2021;3
aef071f9-38e5-4fd8-b6c7-e070b48a9ddc;Tomme du Mont Jura;15/09/2021;4
ffaa2ebf-29da-4ee1-ad81-3fd5e4cd558c;Taleggio;05/02/2021;2
7cd1d053-f379-4142-902f-0b00c56b0de5;Bethmale;09/06/2021;2
#NOMBRE!;Pouligny-Saint-Pierre;08/05/2020;3
4f3a773a-9c04-4ff1-88e2-5de301f6e665;Galet boisé;25/07/2021;3
33654339-020e-47ad-b819-c357029aed48;Crottin au poivre;09/04/2020;2
13bfad9f-fc45-4ea3-b03b-fb4869ee6461;Satonnay Pétales Roses;10/12/2020;2
c8a72337-e94b-42ba-ab96-70d7639e3ad2;Ecir en Aubrac;24/10/2020;2
f024275f-6e47-4a95-bca6-ef2bbf57443c;Pouligny-Saint-Pierre;07/02/2020;5
694b4188-55ca-4da4-8aaf-d2d566d984a7;Flocon de Savoie;26/01/2020;4
54916005-4b55-4c6f-88e0-7835e2956d2e;Fourme de Montbrison;17/04/2021;5
9f56df64-56fe-4e66-b2f1-c0826f4c6d14;Petit Gaugry;13/09/2020;5
f94f459e-e43b-4179-b457-50de60d6d18a;Petit Dongé;28/06/2020;5
e3c59004-777b-4615-88a7-f3c063df9ee5;Chèvre cendré de Cocumont;18/08/2020;1
74256b17-a722-44ab-9437-6b164fd5d750;Saulzais;20/04/2020;4
9566e837-bdb2-44d2-9d96-436731bf7429;Cabri au sel de Guérande et aux aromates;12/07/2020;1
30b19baf-5195-4836-9323-710fea2f24b5;Bleu de Bonneval;06/10/2021;1
5f76058b-9bdc-4c3e-8734-528fb52e111b;Salers;24/10/2021;1
f5744c18-2b22-407f-96d0-78ace9c80fd0;Pouligny-Saint-Pierre;29/11/2020;3
10ceb7ef-0e51-42a8-b52f-1bdb9acddf2e;Bethmale;19/02/2020;4
97f5542b-8c30-45d8-b965-acf147ba627e;Gaperon;26/11/2020;4
44fb32bc-6d21-4f11-8128-ddd2a4cba503;Anneau de Saint Clément;05/08/2020;4
fc1e441a-1e37-4a19-b7c1-b2ebc3e75d17;Persillé de Chèvre;28/05/2021;3
dc06f2fa-1cb8-4a38-896c-dc48f880cd98;Grand Murols;07/01/2021;4
49fcf3b8-e4cc-42fb-bc1e-e54b2170b695;Cheddar Little Black Bomber;05/02/2020;3
599e41dc-f745-43b6-82ef-64a0cd3988cf;Bleu de chèvre;29/12/2020;1
976c2010-def6-4939-8d1d-e818a7f9d419;Persillé de Chèvre;01/07/2020;2
d336e250-69cd-44b0-a18c-bdd6d846591e;Tomme de Tarentaise fermière;20/08/2020;4
6c47aa3e-c37e-4192-86eb-2a6144314c5a;Chabichou du Poitou;24/11/2020;5
83413520-40a8-4de4-a17b-08d8a8e845a1;Tomme mixte Vache-Brebis du Béarn;01/05/2020;3
95600e60-9944-410c-9168-2898c299bb27;Pitchou;03/09/2021;5
7877a7db-1c8e-4c55-92e2-f51242643e22;Chevrillon;14/11/2020;3
1580b4ba-1f51-4a8c-ab23-3e93119f33b0;Petit Louvie;14/01/2020;3
3161fedf-b80b-4798-9049-b99b29e1f16c;Tomme brossée à la bière;25/06/2020;3
0d2e895a-68fb-47da-bbca-d19b219c2647;Petit Saint Point;22/03/2020;3
806764e3-c639-4fc3-a722-a23325608fb5;Tomme de Tauves;06/03/2021;1
381a5dd6-cfe6-4836-9659-76fdecf82b96;Tomme de vache du Béarn;06/11/2021;5
9c4fcc6d-f150-4843-af85-7deefcd560f7;Tomme fermière;13/06/2021;2
69f0b8f2-a6b3-47fc-876c-f9d8e4dca668;Beaufort AOP;18/02/2020;4
cf97e00e-cf4f-4061-9a69-12781a7219a4;Colombier des Aillons;19/06/2021;4
044c4074-9ac4-4e70-a201-a27843d8b08e;Kaltbach;20/11/2021;5
51baf2f3-10f8-4a74-88b2-7e97bba92f90;Raclette;14/04/2021;4
8b683456-9639-42ec-bc1f-91b8fbce250a;Petit Chistera;29/11/2021;3
e3e8e263-1ad6-48b9-b25e-65f495db236c;Carré Mirabelle;13/02/2021;4
a196562e-dc7d-4634-acb5-cbfec60e8bfb;Mizotte;02/11/2021;3
eb807387-9f94-4216-930e-d3185414e579;Shropshire blue;12/09/2021;5
08414fdb-69fb-45ff-a3df-06f459cce156;Buronoix;24/03/2020;3
f5790c00-201e-47eb-ad0a-fae80d6e05d0;Saulzais;07/11/2020;4
aad4ac2c-e379-42cb-a92e-bf2a6ed90ff2;Tomme de Montagne du Jura Suisse;11/03/2021;4
7b54ab59-cf5a-41c5-b4c3-ea2788a4267c;Tomme fermière;12/02/2020;1
45c2c6c9-1138-43ed-9d54-8377172216db;Galet boisé;18/08/2021;4
b71f7fc6-565e-4ab9-911a-e81fa65e5ebb;Coeur d’Alvignac;24/07/2020;3
83bfeef7-fbe1-4e07-b7d6-c885426f0fee;Pont l’Évêque;26/02/2020;1
08818061-9fe0-43c9-ba6c-63fa85234457;Bonde de Neufchâtel;09/06/2021;2
484ca758-0210-4dac-9f21-d50787636203;Vercorais;19/09/2021;3
3bc2d634-22c4-483f-a8d6-9acb7343809d;Fourme de Montbrison;28/07/2020;2
03837b96-671f-43ef-b933-25c2ecbfb22f;Mignonne de Vendée;21/09/2021;1
ff2a1953-8789-49dc-8f7e-e07b0af85125;Carré Mirabelle;25/05/2020;5
33032512-8c76-4866-890d-868877e017c3;Bleu de laqueuille;22/04/2020;3
6fdf8c43-b29f-40ae-ad72-8a9a721ea6e1;Moulis de Vache;04/05/2021;3
53bf3127-86e5-434e-9b7a-07b912149c04;Vully rouge Suisse;10/08/2021;1
9e9fcf82-8401-449b-b878-552441d09c17;Tomme crayeuse fermière;16/03/2020;5
907824f4-6e09-45c7-b4d8-04f5e0a3fe32;Gruyère français;26/08/2021;3
9ca8e362-c170-4571-8daa-fb42d1feb2aa;Galet au Fenugrec;24/04/2021;5
079e21c5-3049-4645-9972-669c416cc1e0;Bouyguette de chèvre;11/03/2021;3
531d6052-f7ea-43b9-bfce-081c95f7336e;Tomme fermière du pigeon blanc;19/02/2021;5
f4e4be1f-1a29-4a56-b47b-e48c31050537;Tomme Kaïkou;20/12/2021;5
10886445-0ea0-4d75-bf55-de7c1d6e7610;Tomme de chèvre grise;22/01/2021;3
b0395e21-def6-471b-b346-942014913a98;Gruyère français;09/11/2020;5
90bc3c16-f546-44c6-bed2-911a9d28cc73;Villageois blanc;18/03/2020;4
d2224301-5e0e-45bb-84ed-4cb6d0551926;Pavé Fermier;12/10/2020;4
b176c5fd-e7cf-470b-92c4-4151faf43bd9;Etivaz;08/02/2021;2
df5aa5fa-2def-4a8c-91aa-205602948e0f;Lambet;06/04/2021;5
59e63e68-9d18-4e61-b295-d831d3225bf1;Brie de Meaux AOP;29/11/2021;3
b4c2c40b-0362-4c5c-89e1-8f1d5a439dca;Angors;08/12/2021;2
874276a7-e0df-4e1e-aa89-4dfc624c95ab;Tome le Saulnois aux cones de Houblon;04/10/2021;2
b2b264ac-0feb-4ed3-9420-f79993b72fef;Munster au cumin;01/09/2021;4
b4d41c45-ac42-4a9a-b2db-8c75bac4d54d;Tomme au chniu;11/04/2020;5
26a79d05-e721-4681-83d5-24731b996a1b;Taleggio;14/04/2020;3
b9edd94f-397e-4c75-9718-5bea05586696;Roue cendrée;02/06/2021;3
b6756b0b-021d-4dd7-b6a4-ea18301e7f3a;Tomme de Berry;11/12/2021;5
703634d8-f662-42c8-8d10-9e0a327a6ee1;Brie de Melun AOP;31/08/2021;5
0ae25663-46b4-4e12-a7cf-d08dff506e0f;Pélardon;17/01/2020;1
50af9272-66b7-4fb3-a160-6cda57585ad5;Bleu de brebis;01/09/2021;5
9f638be3-be74-4cf5-9743-4f5d46752af8;Saulzais;27/10/2021;4
270706a8-4dfa-4748-8e62-aa5f8a41b22d;Cheddar;31/07/2021;3
b66de776-9573-4e48-a739-c6841af54897;Crott’Indre;18/07/2020;3
dfda147a-afa3-454f-8d80-d6d7751fe4ff;Vacherin des Bauges;04/03/2020;3
3800fe30-1f93-4515-a9c7-b4c3804f361a;Saint-Félicien;06/01/2020;1
0ed286e4-ae8f-4855-86a8-1055f9ee3938;Briquette;16/03/2021;1
6a75256f-6638-4879-95e0-17c9a2f005c3;Villageois blanc;15/08/2021;3
18476196-7d35-4f05-b55f-299bf287440a;Pont l’Évêque;22/09/2021;1
bfb877ba-481b-4274-8b17-3bc748d8fe05;Brillat-Savarin AOP;13/11/2020;2
7936a96b-70ba-47c0-8378-0de80d82e93c;Pavé des Cévennes;07/11/2020;3
ae90df54-bd64-4904-8d3e-3153cba8eec1;Tomme de chèvre des Pyrénées;25/01/2020;5
aa48f2ad-4e48-4ffd-9acd-6f7c4765b95b;Péraldou;08/07/2020;5
958e9bce-69d7-4192-aa59-a1a339c27b81;Fournols;07/10/2020;5
a6e76ec6-26c6-4e18-b83b-1569d7a43297;Cantal (entre-deux);13/07/2021;4
538cb861-ac9b-4b0d-a946-09093d062b3e;Bleu de Planèze;25/03/2021;5
e5c0624c-fc90-4866-b48c-f897597972d7;Cœur de chèvre;21/09/2020;1
b754f8fb-dc2b-4323-bdb1-d2e459f726b6;Bleu d’Auvergne AOP;12/12/2021;1
e3c3be11-daf4-42a4-8ba7-2eb99349bc3f;tête de Moine;06/11/2020;5
f295aaa2-97b8-4f8b-a5bc-ebcd07f27452;Curé Nantais;03/08/2021;5
4854cb70-4b34-4c5f-9b16-68c809e53bfa;Saint-Nectaire;05/02/2020;3
36a3dec9-607c-4c51-b30f-9fc5c7ab5d30;Salers;12/07/2021;1
cf137cb8-fb53-4788-b454-64abe35144e6;Tomme de Brebis de l’Ardèche;23/10/2020;1
33afe034-6b22-44db-8457-79b286d850eb;Tomme fermière;01/02/2020;3
3e106877-1d79-4c64-8914-737a637641be;Tomme de chèvre de Savoie;15/07/2020;1
a25dfbe1-d5d9-4ba0-83b1-02b99eb15be3;Fusette blanche;11/04/2020;5
382c9e77-c942-423b-9667-85bf772eb935;Taupinière;09/07/2021;3
5e8beef2-2804-4a75-9aac-0e8975f4f5c0;Raclette;26/03/2021;4
c11cfa32-453b-4673-901d-6c406b24e114;Mascarpone;19/09/2021;2
c3f0d579-2b1b-40a2-a97d-5f21176c11c0;Cabri Sel Fou;25/05/2020;3
9362ee6d-0934-45a5-baf1-aaef67c0d8b6;Tomme de chèvre de Savoie;18/09/2020;1
4f1c2e68-df47-4768-811e-d07dca4c4bf7;Picodon;06/06/2020;5
4c8d0184-7aaa-4ce9-9df4-45535965fd66;Côte d’Or;17/06/2021;2
dae3b958-b78c-4497-8575-d83a427f2db5;Chabis blanc ou cendré;26/12/2020;4
f636d40c-28f8-4393-9f19-d48c0271b17b;Brique de Brebis;03/12/2021;4
b0b4ac7d-f046-4644-9676-c9bb31805482;Moelleux;13/08/2020;4
fb5ae004-b83f-40b9-9217-6a43c118d37c;Bouquetou du Vernet;12/05/2021;5
058e60f6-6088-4c08-b132-dd5c894fd8b6;Tomme brossée à la bière;13/12/2020;5
e23f2797-ce26-465a-bf38-ed92ff465153;Luzenac;26/08/2021;3
8509e049-36de-499a-9dbd-05f01d0c4768;Pur Vache Fermier à l’Espelette;09/04/2021;1
5daca416-abb9-42a3-971f-79cc7f777918;Tourret;04/07/2021;1
675b27e1-4ad4-4834-8ca3-5f6a186164e5;Cosne du Morvan;25/09/2020;4
ef84baf9-23c3-4f81-943b-a2e032163186;Plaisir au Chablis;01/02/2020;1
709413fa-ae47-4971-8e43-b7d6417182fd;Guérandais fermier;26/04/2021;5
b413ddfc-4682-47dd-a962-c723855c03ac;Cabri au sel de Guérande et aux aromates;21/12/2021;2
1389f7e3-44e1-4d7f-b434-d0af0b8e4171;Mothais sur feuille;16/08/2021;1
072104c0-0e56-4c09-a709-670083bbe0f1;Abondance;11/09/2021;1
dba326a2-c89e-4cc1-88cc-74b12d5dd088;Cancoillotte à l’ail;29/12/2020;2
69f1ff18-0cb4-4134-8b05-7df1d0236fe4;Carré Mirabelle;12/08/2021;4
663a6b67-e855-499e-8902-5a878ed7e2db;Tomme du Limousin;18/06/2020;1
7756b47e-00f9-4b56-97ea-d9d90e1e3a35;Goudoulet;18/05/2021;2
533b1d1d-bb59-4264-9a90-abba9cefc4b4;Munster-Géromé;25/06/2020;3
0326c41f-b933-49b3-bdfa-16c088210034;Tomme tradition au Poivre;23/07/2021;4
d1203a04-8c88-4648-934e-8749aa5d5cd0;Fleur de Nuits Saint Georges;17/10/2020;5
8e831992-775a-426c-ac9a-887c295756b0;Cabri au sel de Guérande et aux aromates;17/07/2021;1
03a033fd-c035-4249-960a-a231e4eb4d6f;Bethmale Chèvre;25/11/2020;1
dac9844b-f26e-42f7-b266-d952fa7a5e6e;Rigotte de vache;12/12/2020;4
30f742ec-6a1d-4cdf-bc45-be2113f80197;Roue cendrée;07/08/2020;5
287ea799-75ea-434c-b111-55d0b822144e;Anneau de Saint Clément;11/08/2020;5
8b09ba1f-2ebc-486d-aee7-5adfbc807a08;Raclette;03/12/2020;4
97821bef-58b1-4c7d-9c9e-3f4adefb66c2;Tomme fermière d’Alpage céronnée;17/10/2021;1
babc1d9e-6c6b-4130-8cc6-14b48fd4aefe;Chabis blanc ou cendré;11/07/2021;4
5155a63b-b96b-4aba-86cc-a9c6dfb1bd9b;Pont l’Évêque;09/08/2021;4
d284a37e-5974-4dad-8c53-b965cfd1aac1;Bergues Torchon;16/08/2020;2
ed197026-483c-45f1-a106-edee8fc43916;Tomme du Jura;30/12/2020;5
810c8cab-7338-4409-a5ef-e1a90e673b99;Mont d’Or;31/03/2021;1
2a29c45a-c510-48fa-afc6-d6f7ece32395;Vacherin des Bauges;28/02/2021;5
724d6bc2-8906-460b-b848-0b2e8ed9179a;Coulommiers;18/03/2021;4
a9c6d2c5-4e15-462f-9f23-8b22efe1d451;Cœur de chèvre;22/11/2021;3
6ebe1df6-7098-4eef-97bc-74fa334950ce;Bleu d’Auvergne AOP;12/05/2021;3
39aca757-908c-4723-a4ff-7d4decfb22f9;Saint-Nectaire;18/01/2020;5
c76ced3d-efe2-4cd4-8112-b5793f7c9313;Pavé Corrézien Mité;15/11/2020;4
6d5c6215-0a8a-484d-8dae-d940835f9665;Pavé des Cévennes;24/12/2021;3
74a6750c-09d3-4be3-b8b1-ae90f0325b20;Flocon de Savoie;04/06/2021;2
9ea65066-2c39-4fff-aa2c-ed323584a188;Péraldou;29/05/2021;4
c1d6ae75-a3ff-4f64-a848-6223fe615caf;Gouda au Cumin;07/04/2021;4
cc860c78-e598-4f82-965e-6dbc738761bb;Brillat-Savarin Truffoné;23/06/2021;4
0e560b69-adb7-41de-a3ee-c88c1d49e72a;Bleu du Val d’Aillon;16/12/2021;5
e3bc883d-49e3-48e3-95a1-a3351fce3e81;Buronnier de l’Aubrac;11/02/2021;4
f0257317-c5b8-4cf5-b3fa-ca9f5f332f85;Saint-Félicien;28/08/2020;5
d82f10cc-fbfc-4af4-8771-db39c04f1b35;Margeriaz;08/03/2020;3
426f440a-5e3d-4cbf-81b3-fbf558dbdbf4;Fourme d’Ambert;23/02/2020;2
b9ee78bc-1d81-49e3-9ee4-36819c03ef53;Crémeux d’Ossau;01/03/2020;1
07034c4a-53f3-4609-9b6a-3713ab86f32d;Epoisses;22/07/2020;3
bdde876e-1be5-4bf5-ba23-f1b33a5291a2;Brie de Melun AOP;19/11/2021;3
4f75c8ed-cf0f-4dde-88a7-bbf2644e44fd;Tomme de vache du Béarn;20/05/2021;3
a7f90be2-f0a6-46b2-b657-c8e49d0e5a4f;Saulzais;17/08/2021;1
4de519be-7b82-4726-8fa0-ed8c7f7166cc;Roue cendrée;15/07/2020;3
b01d243d-5d4d-4e88-8b5d-04b93735944d;Anneau du Vic-Bilh;22/04/2021;3
92aa8917-2ed6-48da-abe6-1e020d38c0f1;Tomme Kaïkou;09/06/2020;5
f64089d8-290c-4c6d-a259-9b3e0dcef067;Gouda au Cumin;25/06/2020;3
91575a22-7fa6-40fd-8f1e-d82b31a52043;Tomme de chèvre des Pyrénées;26/12/2021;3
42e29f3e-2088-42d5-9881-cec0376b46d7;Ariégeois;18/03/2020;3
b3745943-69e6-4e97-a960-6406259afc87;Saint-Félicien;19/07/2020;5
e31723ba-1157-446e-a29c-dd84d4f4d533;Fleur d’Aunis;22/09/2020;4
27106a57-d430-483f-ba88-8030721a00b1;Saint-Marcellin;12/05/2021;3
57692e99-0c15-4a08-a0a9-5410c907683e;Carré Mirabelle;24/11/2020;3
2b087b97-f172-48b7-b94f-ed7456ccc0a1;Comté AOP;26/09/2021;3
2c349e7b-4821-4b18-833f-853a912c6be6;Kalaka;09/07/2021;1
f2b49038-a532-4eeb-adb5-999b6185889d;Bleu fermier de Haute Savoie;11/09/2021;4
0fba38ba-c273-4c05-a6f9-2565095b54a3;Crottin au poivre;28/12/2021;4
f998f422-1395-4d8e-9399-6464b994d6fd;Reblochon;20/05/2021;4
9858605b-5cb0-4a8a-8f63-3190ae0f4974;Pitchou;28/09/2021;1
f5044b14-2e49-4797-ad67-743ce9683e86;Tomme de chèvre des Pyrénées;13/07/2021;4
37cc0b8d-794c-481f-8710-4c64c9241572;Fourme de Montbrison;13/10/2020;4
09323740-1d49-4ad4-92cd-ca154b39ec32;Sainte-Maure de Touraine;17/02/2020;4
7b1f9d32-3caa-4594-9f7f-2212cfe4c4d6;Mont des Princes;08/06/2021;1
4ebf54d3-9f2d-40fb-aecf-93e4cf61fe2f;Lorenthym;31/08/2021;1
6d746b07-9857-43bb-b04b-9d8cf142df0e;Roquefort;03/10/2020;3
544d6c64-9c19-41eb-8256-a4b5efd61ed0;Cabrissoux;23/09/2020;2
af5d9e9e-043f-499f-a643-634e7df4055d;Pavé du Larzac;26/08/2021;4
41858674-2547-41cd-bc61-7c1e7700a7ee;Ossau-Iraty;12/08/2020;5
4cdc8e4a-2933-4c3a-bfa0-8a1365d1cdee;Gouda au Cumin;11/12/2020;4
c31bca84-c937-487d-a456-bfce60db0906;Vacherin de la Tarentaise;21/07/2020;5
fab17a73-e9bf-4b09-9c3e-558f94de26cb;Pouligny-Saint-Pierre;04/11/2020;1
bd1c7259-f042-44e0-9a75-564715ab49cd;Tomme fermière aux fleurs;15/09/2020;3
d346e1b4-58b6-4c75-b83f-6c5ad0d95dc3;Luzenac;05/04/2020;3
066b9baf-9030-43e9-8a5f-4585362ab339;Colombier des Aillons;24/07/2020;5
ab4b4cb5-3f7a-4d3d-b689-5d424c67900d;Chabis blanc ou cendré;16/02/2020;3
2a7739b4-ae76-42f4-8209-860c8bace74d;Malvaux;24/04/2021;1
c3b2759c-fe91-4bfc-b9f8-4cfde42ba2a3;tête de Moine;18/08/2020;1
3321a357-1483-4c37-ae83-3162d5aea540;Lingot du berger;01/06/2020;3
61d2de43-a9d5-418e-b33e-43be6beaad40;Tomme au chniu;22/11/2021;3
c279900a-5f4d-43a8-b6c0-7183b8fd4173;Magoth;06/04/2021;5
601c97ba-5f5a-4003-ac9f-f1a20ac15b0f;Pyramide fermière;18/11/2021;1
8b482e0b-941b-43ea-8cc5-57eb23a4b63f;Brillat-Savarin AOP;21/12/2021;2
800197d3-dcb8-4c94-9f6b-9276c809ceff;Livarot;20/10/2020;1
b13a665b-4132-49f1-930f-50ebf156d840;Mascarpone;04/11/2020;4
7682bc66-1f89-4274-a30f-931cb18c3762;Petit Louvie;03/07/2021;4
86c6a127-4da2-4610-b77e-d6e30d0efd50;Magoth;28/08/2020;4
46220703-84af-45ad-9ce5-42644e9fd924;Lambet;27/10/2020;4
d7b5c260-c178-4501-a75d-de1db998a925;Salers;15/11/2021;3
00876098-e8dd-4347-8acc-655c396419c9;Calisson cendré;27/09/2021;4
d9eebada-ce4c-43e8-9ce8-978337b19df3;Tomme fermière de Montagne;04/08/2021;2
d0ccc5ca-e0a1-4fef-ac36-9df5a71afef0;Gruyère français;21/07/2021;2
ff302941-a203-4cca-8c15-471981862994;Galet de la Loire;12/02/2021;1
e4dc52dd-0c87-4d98-9472-442cba1f32b4;Cabri Sel Fou;16/06/2021;3
cf9a3fba-4bf8-400c-8b9e-05a447970b26;Brézain (Raclette fumée);19/10/2020;3
d5cca870-79ab-4e67-80f1-e0b6d6f7d3a0;Tomme fermière du pigeon blanc;03/05/2020;2
058dc784-1508-48d0-bbc4-ed8ba827f646;Raclette de Savoie artisanale IGP;07/11/2021;4
73613ee4-dc5a-47a3-bacd-c05a04c56dc6;Coeur d’Alvignac;11/07/2020;3
7e4c74aa-576a-4fba-ac56-b6a908052aa2;Villageois blanc;18/12/2020;2
7ba5af19-f042-49d7-9638-e70a2a56694d;Bichonnet;11/09/2021;2
e6e49799-f458-4988-b16f-38dece9bc4fa;Compostelle;28/06/2020;4
6219a587-eba0-4574-9747-e11e19947396;Brin d’Amour;03/12/2021;1
26ea95a1-3201-4559-b088-9252c78be77a;Valençay;29/12/2021;2
a03b8733-0db0-47e3-a8ac-372afa0c7842;Venise Verte;09/01/2021;1
59124e53-7e67-4a4f-90ea-1e4cad132b87;Mini perche;17/06/2020;2
85c65d2a-9481-452d-a617-6281a05f87f1;Pavin;19/01/2021;4
cdff8b9b-dd9b-4091-8eaa-5cf7b7fc7332;Pérail de Brebis;05/04/2021;5
d861c4d4-1594-4192-8e5b-f2b1de8c3d6e;Pomerol;05/02/2021;3
2d179c5a-4717-4e96-a363-41539597fa56;Tomme du Limousin;19/04/2020;2
2fc72e05-1b0d-4406-8823-92fdf848bccb;Guérandais fermier;25/05/2020;5
6150ffe5-0f10-4985-8d60-1e48191466df;Anneau de Saint Clément;11/04/2020;1
48aa24da-84a7-46cd-a6a9-c3f6f1d82740;Bichonnet;24/02/2020;1
c89b0b12-ff20-43e3-b6b7-98186c615ad7;Tomme de chèvre affinée au Muscadet;14/01/2021;4
41e9beeb-42a5-4042-8f0f-cc85c6da9501;Bleu de brebis;25/06/2020;3
bca0fb7b-4897-4094-bbc8-99f7479e416f;Galet boisé;24/03/2021;3
5d76bad1-71e4-4933-9cb0-03f7c3fb64fd;Coeur cendré;30/12/2021;4
f60b0ba3-b8d5-40c8-bafd-ad2dd186f22e;Petit Gaugry;27/01/2020;4
10bb4b71-e43c-4f68-ae45-9a847019ed90;Pavé Corrézien Mité;08/02/2020;1
a7469150-7ac2-4b34-9c8b-8cac5f04663b;Chabichou du Poitou;15/02/2021;3
3e2cc679-f42a-4a5e-9c35-4eaba9c7d6d1;Brousse de Brebis;14/08/2020;1
d9399550-4310-4a7d-844f-22c83bfc72bb;Pecorino Stagionato;27/02/2021;5
ab304721-7d66-40ab-8602-8c804ce1022a;Tome des Bauges AOP;08/01/2020;3
1f16fcb8-c2d4-4a12-8b1e-720363417f0b;Gorgonzola cremoso AOP;04/10/2020;5
cf5095a5-b88b-408b-bf43-8258b2601c19;Tome le Saulnois aux cones de Houblon;12/02/2021;2
3212c716-d58b-4666-849b-dbcc151a87e9;Comté AOP;29/12/2021;3
f3008bf7-cc6f-4d57-aee8-7f95f1b03efb;Pecorino Stagionato;23/05/2021;4
6900a450-483a-4013-8fe5-feb050e2ba78;Tomme de Brebis à la liqueur de noix;19/12/2020;4
1d0a2f59-0a3e-4a68-b0fe-478f93bcfaf1;Gouda au Cumin;18/08/2020;3
9c816750-a059-4bcc-87e5-7d42b2d8a696;Péraldou;29/08/2020;1
0998cff3-b627-4431-bf94-1d84251ac1d3;Maroilles;22/07/2021;5
ce176849-f955-4cf2-8972-a4faaa8e3e28;Skieur;12/12/2021;1
f1f34869-38b4-4850-b067-b6520d4d826a;Crott’Indre;22/05/2021;1
eb89b451-566b-467b-ae2b-d3b944465b56;Mozzarella di Bufala Campana;19/03/2021;2
5dec5664-74e0-4981-ac7f-f30beced90cf;Gruyère français;24/11/2021;5
99b491d0-6897-453c-a99c-9a19f96721d9;Appenzeller;05/10/2020;4
2c3f9595-e37d-4fce-9a00-ad8352a810a5;Chaource fermier AOP;19/05/2021;3
190e15be-80f3-4735-8904-5e6bfb38827d;Fourme de Montbrison;12/07/2020;1
3a1d38d6-3e89-4647-a541-156616a22802;Persillé de Chèvre;08/05/2020;3
6472a88e-1872-4544-af6f-2892f1ba30f8;Saint-Jacques;22/09/2020;5
6ecbd53e-282f-4228-aba7-303c4dde9fef;Tomme de Brebis au Poivre;05/06/2020;5
1742c2f1-c363-4ad2-a8ef-7c7e6d319e9d;Grand Murols;28/02/2021;3
897128c3-d209-46cb-bebd-258fba4cc6b4;Pyramide fermière;18/08/2020;4
331ec11c-ea50-4961-9bd1-ea100ef56d98;Charolais AOP;10/10/2021;5
711db62a-a6b9-4a2a-928e-073df9ffbac3;L’Angors;31/05/2021;4
c5413101-82dc-4e2f-ae48-7918ea44baf3;Tomme fermière du pigeon blanc;02/04/2020;4
dd752015-22c6-487a-8464-d2d1fde475f8;Taupinière;18/09/2020;2
f0feaab9-5c53-4a6a-a244-ba70c26675bc;Gruyère français;30/08/2020;2
bd2e07e3-9b75-4052-bedb-b5f220318861;Béret Savoyard;04/03/2020;1
351b8628-2f61-4aa8-bfe1-e9c8909b5cb3;Bleu de Gex;11/11/2021;5
57fc7c3d-dc53-4158-b231-054f5b27e5e9;Tome du Ségala;29/07/2021;2
95438f07-785a-49b9-8c41-b266fc4ccd35;Tomme de Tauves;02/08/2021;3
3d5ff1e0-4fdd-47cb-8050-3c3e89b36cf3;Picodon;09/10/2021;2
f4d93aa3-6ae4-4434-846c-be8b4d94ec19;Cheddar Little Black Bomber;03/04/2021;3
210ca171-0625-4b43-8b37-a8071abf5ae3;Cambozola;04/02/2020;3
a0d984c6-b2ff-4692-a2b3-23f84fcf586c;Tomme au chniu;19/06/2021;4
5f1c7a4f-ad1b-4a79-84e6-c51d41a8a1c9;Vacherin Vaudois;06/06/2021;5
e081eb97-0618-47c2-ad48-748e2e8e2c08;Pardou;09/02/2021;4
6858bb59-49a4-44cd-b396-47d6517b5a22;Tomme céronnée;09/01/2020;1
9401ad93-7eb8-483b-b3ee-db660e822f59;Petit Gaugry;03/04/2020;4
1ac3f4ce-702a-483e-baca-78b2b8a98ca5;Saint-Nectaire;25/04/2021;4
ad7ab09a-0f8f-45c9-b2ff-c53ccdef5fb1;Pecorino Stagionato;11/09/2020;2
13d7929e-9a44-4489-9016-2d05d40e3270;Mignonne de Vendée;22/08/2020;4
16cc1832-6677-4af4-9297-4619dd9b79e3;Ariégeois;14/04/2020;5
5e32fb83-8df3-416b-bc08-aeadb414284e;Epoisses;31/08/2020;1
c617d667-ae09-4d3b-8259-2881d47fb4df;Raclette de Savoie artisanale IGP;06/10/2020;3
8e98348c-9385-4656-b2a7-d6958b1a30ce;Meule d’été de Savoie;30/04/2020;4
57e3f767-accc-4a5a-9bf0-ece19115a3cb;Couronne des 3 Seigneurs;19/05/2020;4
7bb914ce-43ce-4b29-9b92-2ca131f5df9c;Roue cendrée;28/02/2021;1
c7835d0e-c592-43a4-b2bf-4fc2190c4665;Guérandais fermier;21/06/2020;2
6647a0f9-5a6b-46ea-8a9f-1a2765671b0e;Tomme Piémontaise;23/06/2021;4
4d40a28d-7369-42a8-aaed-00d801e5569c;Galet au Fenugrec;23/07/2020;3
6a25ee35-5b39-4ef8-a333-b806796b3675;Vacherin Mont d’Or AOP;15/09/2021;3
0fe1f7fe-461c-4773-a147-68fe4f96fb55;Tome des Bauges AOP;24/08/2020;5
13f621c7-ae9a-4a13-b443-2b3826c788d7;Tomme du Berry demi-vieille;06/01/2020;2
d67b355d-2358-43b6-82eb-733f23ae386e;Tomme de chèvre de Savoie;21/02/2020;3
40efb8d1-916a-4463-981b-a8688096fcc3;Petit Chistera;03/09/2021;1
11eab96f-44e9-4358-9619-d1d92c9ffb02;Tomette de brebis Etchegoinia;08/04/2021;2
f440db01-ad50-4be9-b120-537b84240d36;Tourret;15/03/2020;1
7d61fd0f-baee-4bc5-bdb4-daf530bfa220;Tomme de Brebis à la liqueur de noix;20/06/2020;2
2259ae34-9141-4490-8da3-fd308cd2ccdd;Carré du Vinage;11/08/2020;4
29f78456-b890-4cbe-a8ff-8c8c7911c266;Gorgonzola cremoso AOP;13/06/2020;4
c8789836-a51d-413d-9a1c-245567a5bce2;Cœur de chèvre;21/03/2021;4
38c2fe98-df35-4990-9623-68ac9dab4081;Roue cendrée;30/01/2020;2
a71cf362-d91f-4e4e-9534-4add576f09fa;Shropshire blue;17/07/2021;3
34ece0ae-a1d5-4756-962a-90eb936eeb6a;Chabis du Béarn;11/01/2021;3
6a68d728-770c-4e1d-9a0a-0809c50cf92d;Sillon bleu de Vache;04/03/2021;1
7753bb91-fcb3-47c3-ab2c-8e3cfb14a9c6;Stilton bleu;08/06/2021;1
7bd36c47-3161-45dc-836b-4d2475ff7672;Anneau de Saint Clément;26/06/2021;1
b9bd467e-51e7-4293-b442-76a89cca2163;Vieux Lille;15/11/2020;5
4b3805bf-1a2b-485b-bea4-cd891bce7ea6;Gaperon;21/03/2020;1
67afee7d-b44a-44b1-8054-430045e687ef;Moelleux;16/01/2020;4
b01d1f3f-72d7-42a8-ae8b-a273bed5be0a;Chaource fermier AOP;06/07/2020;5
6e66bf60-4168-4733-a2c5-2a9a80118915;Crottin de Cocumont;26/09/2020;1
fbfb417b-ce06-4a16-b0fc-65a4d48a98a8;Carré Le Saulnois;15/05/2020;3
2d8ce2c2-96b3-4fcb-8a28-70ee8160ef4a;Tomme de Montagne du Jura Suisse;29/04/2020;2
b88a5ac0-95b4-4e5a-81ff-98da23271300;Moelleux;03/09/2020;3
51c7273b-502e-4621-b697-ece6544258ac;Cœur Gourmand Figue;05/07/2021;3
dfdbc394-23c3-4a54-8753-5c35123c11fc;Tomme mixte Vache-Brebis du Béarn;28/12/2021;3
5b4a9c4a-3dbe-49e3-acdb-d680bcd0e802;Tomme d’Auvergne Mitée;07/09/2020;2
a0e3ef83-51e5-46c5-b9db-fccccbbd571a;Bethmale Chèvre;17/10/2020;1
8e0a9dd4-07da-4b24-8436-941d1ecaeac4;Banon;16/12/2021;1
a8752f21-a499-4833-bf4b-acdc194161ea;Shropshire blue;26/09/2020;4
aa3b96ff-8916-4e6a-953b-9468a92afdf6;Chabis blanc ou cendré;03/08/2021;1
bd657deb-4167-46a5-98d4-cf95d13c1dfa;Tomme des Allobroges;09/05/2020;1
ff1ed0d5-33f0-4785-b43d-26b07a55ec4d;Banon;18/07/2020;1
01260e50-7bd0-4849-b036-9c91c7ab8f9c;Fourme de Montbrison;04/01/2021;4
d9313f1f-c6c9-4788-ac3a-d1bac6ad09fd;Pavé Corrézien Mité;07/05/2020;1
bfd5f40e-de4e-44a8-9e0d-74a9c0c152eb;Fournols;19/11/2021;2
b02820da-6642-4474-aa44-7ca114c42f86;Salers;31/10/2021;2
63bcf8a4-c62c-4a7b-b93e-1630bb71b2b0;Tomme de Rhuys;25/08/2020;2
a2a3ca93-2fe4-47ad-8502-c3d11f835498;Fourme de Montbrison;22/04/2020;1
22970b0e-146c-4e13-b9a9-d80244c7ff20;Sillon bleu de Vache;01/03/2020;5
fb911db7-7565-4e05-8db6-da2f5bd33baa;Tomme de Rilhac Xaintrie;05/07/2020;1
d7d9c925-686a-4f2b-b1de-039aab6ef4ac;Pavé Fermier;17/10/2020;5
883e1608-7f06-4f7e-9e79-944380fcc3cb;Cantal (entre-deux);11/09/2021;3
47838d6a-fb22-4856-9ff9-995b3ab9f893;Briquette;07/06/2020;1
cb5aae78-5ee7-4472-9434-651c89edb8c5;Bleu du Vercors-Sassenage;09/10/2021;5
99eb07fa-c6f9-405e-ab3c-7e138b925be1;Ovalie Romarin;18/03/2020;4
ca9f4748-3beb-490f-8abd-aaa8ad99080a;Moelleux;06/10/2020;4
e51c08b6-51bc-4167-9e89-eca833546043;Selles-sur-Cher;03/07/2020;5
d3c5b3ce-5cf2-4d85-84df-fc54986028ef;Elgines;03/10/2020;3
aaa3d9c0-157e-42d5-9454-124e50fe53a1;Kalaka;30/06/2020;2
7a0fca8f-f932-4073-a97c-5b6eb5c047f5;Venise Verte;20/08/2021;1
abec8313-cb0f-4527-ae64-84bc51f11200;Tome des Bauges AOP;18/01/2021;3
6e53b088-5aa6-47ec-b8b8-7b3a3226ef29;Gruyère français;11/11/2021;3
c7fb437c-de68-4f76-9a4f-16c180d2c7be;Cabri au sel de Guérande et aux aromates;29/07/2020;5
36216a2c-0f5a-4468-ae61-249b8998acb4;Herve doux;29/12/2020;1
dbbea3bf-8cfc-453f-84fe-6ac0d3573887;Pavé Fermier;11/06/2021;1
5cb790c3-55fb-400d-8dcf-d908f2a219f0;Parthenay cendré;22/02/2020;3
30cd57aa-97a0-4143-b5ce-f2a0e05c2947;Charolais AOP;20/11/2021;1
78b91ecc-eef2-4c5c-92be-24ef4658b998;Rove fermier;03/10/2020;1
1adbed84-33ca-4e64-9e75-f0fb943f71b0;Tomme mixte Chèvre-Brebis;24/07/2021;1
62124c1d-af00-4d84-ac88-8cd0bab9d846;Tomme du Jura Rième;16/05/2021;1
b6054a40-0d29-4800-98ba-5e43174addca;Tomme de Brebis du Béarn;15/06/2020;5
6dbe7801-f38d-4620-99af-94d60be60497;Tomme céronnée;11/12/2021;2
06364bb2-b56a-4444-a71e-f87fb436b646;Pardoux;12/05/2021;4
704b6031-391b-4499-b67a-7322d0f39ad2;Séchon de Vache;04/03/2020;5
85b3ecb0-95fe-4c6c-a488-751678499d76;Tomme de Brebis Affinée Tunnel;18/04/2020;4
be106adc-7b00-470b-a8b5-8dce6dc50a5d;Tomme de Berry;06/06/2020;1
dddf6763-803f-4649-aafc-662e0a974840;Bleu de brebis;12/09/2020;3
9afdb4af-af8d-4e07-8b71-81df0262b407;Mini perche;09/02/2021;3
70d32de1-9906-4ffb-b508-eb6a9b6ad029;Tomme d’Auvergne Mitée;27/08/2020;4
9d358e7c-aae4-4816-b7f0-ed69941bbcbd;Tommette de Chèvre de Savoie;09/11/2020;5
bdd61dce-eee7-4d93-8c4b-57fc553c6022;Bleu des Causses AOP;08/06/2020;3
96d1e43e-56ab-49fa-b685-0ee92aca735d;Beaufort AOP;24/11/2020;1
9f25119e-bfeb-412b-b179-b21f86b1e2fd;Petite Bonde;20/01/2021;2
2ca5c77c-49bd-47ff-9988-fcc0f9326f7c;Tomme fermière d’Alpage céronnée;01/06/2020;4
12111dd0-cd79-4871-8d7a-4432bfef12cb;Comté AOP;26/06/2021;3
2aea3ab5-af77-431e-a91e-3ed96ab70b4b;Galernois;28/01/2021;2
eadb1125-beeb-47e2-b7ca-163c72db93ea;Cancoillotte à l’ail;21/12/2020;5
fbf9bfdc-ae36-4bfb-b1f9-f1892f68b596;Tome du Ségala;30/12/2020;5
1fa1fe73-0000-45f6-b52e-c0e315d72461;Tomme de Rhuys;02/04/2020;2
30ef29d8-2ceb-4035-af8b-b0f056a4449f;Pont l’Évêque;02/04/2021;2
ab9ad504-fa65-44ef-b3bc-62b37c43b9aa;Cosne du Morvan;26/05/2020;1
d9c748b8-fa6a-4101-b1bd-cf11d345667e;Tomme de Montagne du Jura Suisse;30/11/2021;1
259cf863-348c-483a-9b3a-4437c1c63923;Mozzarella di Bufala Campana;22/06/2020;3
32a2bd28-51fc-4b24-9abb-8bd69d064300;Tommette bleue de Brebis;15/12/2020;3
a6a24ef9-0ffb-4134-93b8-1c0eded895e5;Vercorais;14/03/2020;3
a067eb36-6577-41db-86b8-89a3b8adb960;Briquette aux épices;09/11/2020;5
8f03e66a-cdfa-41df-9d7b-d5d1aa0f742b;Bleu de Gex;18/07/2021;1
07a796a6-d2cc-4960-95eb-22d76eff7a72;Anneau du Vic-Bilh;03/03/2021;4
add7897d-a469-459c-bf76-cfea54a7ebac;Taupinière;24/05/2021;5
5da86ae1-b164-4aac-9054-b56fb1c5acb9;Mont-Jura;20/04/2021;1
76d1e2b9-3e08-42f7-8522-52a03d03cfed;Pardoux;16/12/2021;3
93b29a89-8d0b-4e60-a308-eb382fe3db5d;Galopin;21/02/2021;4
d5da0329-39b6-4551-9f63-fdc2565fbb1e;Livarot;30/04/2020;5
a693508c-9c7e-41ea-9e04-98f3573cc34d;Venise Verte;07/10/2020;1
a955ea33-54df-409c-aafc-fd7ae599c5db;Briquette du Cantal;13/08/2020;3
3b3730f9-0604-429e-88fb-cfeed24b001c;Vacherin de la Tarentaise;30/04/2021;2
a2f33414-eb6a-404e-bba3-587b50e51c34;Tomette de brebis Etchegoinia;25/04/2020;3
2f23c360-14f6-4864-b5a7-c22f422dad35;Kalaka;11/07/2021;2
96d94f78-761c-465b-a2c4-fb45ad20de8d;Tomme de Brebis au Piment;01/05/2020;4
d7c867c5-5fb2-4866-a54d-ee0f2e0b4462;Tomme du Berry demi-vieille;19/09/2020;5
37f2318a-a38e-47ec-af93-9d9067fe51c3;Brique de Brebis;27/09/2021;3
695b6a8d-ea94-4b86-93ce-5f8418ae72b8;Olivet cendré;06/01/2021;2
36a04ec1-e4c1-4163-94dc-158fbfba92bd;Beaufort AOP;02/12/2021;4
24a51553-3b6f-4d74-87f6-732e4bb10634;Mizotte;23/09/2021;4
d22cbfac-7ef0-47cf-ad26-82c03843c160;Taleggio;03/02/2021;5
9675d37b-ddff-4978-af07-c2f0f907fd8d;Brie de Brebis;27/10/2020;4
b4e38ddf-a06f-4d0a-828c-a986445c933c;Etivaz;18/09/2021;4
6ab3b903-4914-4736-bb3c-6eb1606029b5;Tomme fermière du pigeon blanc;26/01/2020;1
396c9407-b7dc-43ee-9ca1-32f64f23c18b;Buchette blanche ou cendrée;07/09/2021;4
41146b96-25fd-4e84-abc2-8b167c20a61f;Crottin de Cocumont;21/12/2021;5
7119a305-fe8e-4c6b-a3ad-0c22a66bccf8;Bouquetou du Vernet;15/03/2020;2
1da52e02-8922-4f43-945c-96f42f81ab58;Tomme fermière;14/02/2021;2
e147e81e-ef17-47bf-916f-a8382953b480;Mizotte;20/07/2020;3
9621a53e-d7f1-4cbc-964b-c36d7882f387;Tomme de Brebis au Poivre;30/04/2020;1
8434c214-f444-46ac-91c6-8a285c66129d;Tomme de Montagne Dent du Chat;22/11/2021;1
13496eb2-1581-44e7-87ab-6d8d63227620;Galopin;27/11/2020;5
c7411b89-6501-48a3-9614-92cb5f2daf7b;Tommette bleue de Brebis;31/08/2021;4
30d5f08c-4e85-452d-af0e-295a08bc9d47;Cantal AOP;18/01/2020;1
79801131-4273-4a42-895a-260660ba8cd7;Cœur de Savoie;24/10/2021;4
5d6584bc-d067-47e7-82e1-d3fa97e5af76;Tomme mixte Vache-Brebis du Béarn;20/05/2021;1
dd0db808-6b05-43b2-96af-eaa12971265f;Colombier des Aillons;16/05/2020;1
1599dcc7-ba53-4770-8131-f8abeafd57e0;Roquefort;01/11/2021;4
4ef9e019-f29c-4cfd-9634-77ca0286effb;Gouda au Cumin;22/12/2020;1
33b0dbfc-3337-4f54-9682-26f86f3cf8e6;Bleu de la Chataigneraie;12/12/2020;2
06b7a78d-b5ac-421f-b48c-921db0cb9dcf;Tommette de Chèvre de Savoie;06/02/2020;1
308f4123-b50d-4d8f-8a23-6cf9d815c03c;Couronne des 3 Seigneurs;12/12/2021;5
d53118f8-7fef-41eb-a1f2-049966efd0c8;Tomme de vache du Béarn;31/08/2020;5
cc5fcdcd-349b-4910-8384-608204b86b40;Vully rouge Suisse;08/03/2020;5
2a58a44b-d0ae-4c21-a2a5-11c3f1d7bcf5;Laguiole;18/01/2020;5
3364a354-1d78-45a5-bae6-1eeb6a86e7d5;Chartreux;23/12/2020;3
4c76935b-a69b-4806-8610-eda97b31d5ea;Béret Savoyard;25/02/2021;5
4905ff8c-729f-4928-be60-a7efe07f9858;Bleu de Bonneval;29/03/2020;4
af595f8b-3efe-4d04-8d4a-a75f64fa1875;Briquette;09/03/2020;3
2df62ea4-c20f-4d5a-ac34-bb57096a3bc1;Carré Mirabelle;18/11/2021;5
071ebc54-b8ae-43db-9e54-043cf1308d56;Chèvre cendré de Cocumont;13/12/2020;2
ae0eb20b-f7bc-4973-9d41-0da5741fca76;tête de Moine;03/04/2020;4
18c2f979-88a7-450b-a915-6f0b7f1fbc56;Tomme de Montagne Dent du Chat;27/08/2021;2
a625eca4-51dd-454f-b09d-f783147b5830;Mignonne de Vendée;20/02/2020;4
d52e9d5c-7948-4521-a259-311481c84bda;Cœur de Savoie;03/10/2020;4
d43ff45e-51de-40b8-b0e6-8093ceee740c;Fleur des Alpes;14/08/2021;3
e22be7b8-0738-460a-8e25-4e3004115524;Margeriaz;26/08/2021;3
dd33b789-1379-425f-b264-6e850337667e;Briquette du Cantal;17/01/2021;2
251a2064-2980-4a04-9739-25b05bce3e25;Etivaz;27/06/2020;3
8d917967-f099-41e4-a182-30c262fb7ff9;Selles-sur-Cher;01/07/2021;1
98e44e7d-899c-4ef7-b6f7-fb8098334917;Buchette blanche ou cendrée;23/11/2020;3
034d731a-a169-4b68-b968-7e1abda37f17;Jolirond;30/01/2020;3
77d9d5bd-3958-411d-9476-f02ba34a784a;Guérandais fermier;19/05/2020;1
5f9a803a-ed46-4229-8ae0-caa0f943aced;Cheddar;31/07/2020;4
d63d34ce-43c0-4aab-9562-64d99d6650b4;Petit Dongé;23/03/2021;3
f07fd18f-27d4-4939-88ad-582523ebc38a;Soumaintrain;04/08/2021;4
439e0655-6bb9-4f6a-a42f-c307b2ec414a;Tome le Saulnois aux cones de Houblon;02/05/2021;3
567d2a87-88d7-4bbc-b1d1-9146ce4cf9c5;Tomme tradition au Poivre;24/05/2020;5
aa5c93b6-2cd8-41be-8a27-ef2d87317efe;Plaisir au Chablis;09/01/2020;4
4d4197e2-125f-4002-964f-4a29e65b8208;Compostelle;04/09/2020;5
01a9f2f9-852c-44be-8bfb-53ec5658d9a9;Villageois blanc;28/08/2021;3
848a7661-2361-4ff9-892e-94dd9d16208d;Pomerol;22/03/2021;5
ac57dce3-685c-4d35-b2e0-942e47da2238;Morbier artisanal;05/09/2020;4
950063f0-eedb-4ad9-a930-13699f7f3353;Malvaux;11/10/2020;1
bb8e777f-b198-43e2-b219-4a19ab98bf01;Chaource fermier AOP;06/05/2021;4
0b7ba055-1258-4bed-b407-bf2edea69942;Galernois;22/01/2020;4
bbff4cf5-3682-4626-ae01-4135d33db348;Briquette de Cocumont;16/03/2020;3
e385c7b8-b9fc-409a-bc1d-887a12809ba1;Fougerus;20/05/2021;5
74a05258-6da2-4028-9bfa-b9a9cdfa1b6a;Cantal AOP;31/05/2020;1
6c9d5977-2300-4b6b-9731-dd6a488c6371;Crottin du Viornay;03/07/2020;3
61c977ca-bb73-4234-96e7-bb6ae99c8158;Mont-Jura;11/07/2020;4
ba27af4d-b030-4f92-9fe4-d2956631cd5e;Tomme tradition au Poivre;12/04/2021;4
8e241829-9545-4162-b6dc-ab231678b580;Pavé Fermier;22/11/2021;3
1b94d43b-9b5f-4fc8-a045-9a698b2b373f;Tomme de chèvre affinée au Muscadet;21/08/2020;2
987c6072-c5c5-4b5f-88c8-4de2a59801e3;Pierre Blanche;23/06/2020;3
cf89e4bd-f47f-46a0-a38b-32dbeacaf061;Fusette blanche;09/12/2020;3
d4c80918-56ca-45a0-a006-924e33bb8a52;Pavé Corrézien Mité;21/04/2021;4
e7d088b5-eaf5-42be-9001-36abb243fe0c;Crémeux du Jura;18/11/2020;5
210e04d3-6c08-4f81-8cf4-6bae4f58fc15;Sillon bleu de Vache;22/01/2021;5
01d6a58a-ec3c-485e-be9b-9bd7f9f49bed;Cœur Gourmand Figue;06/07/2021;4
b690dfd4-c37c-4855-a5e8-9d094f36e5b7;Pavé du Larzac;17/05/2020;1
18027b80-a8d0-4fce-a0e9-89bf546d7d64;Cantal (entre-deux);18/04/2020;5
c2897639-9852-47fb-92fc-d1464656e1d0;Cabréra;29/07/2021;5
46341332-6877-48ce-af07-a15ba0fddf23;Fusette blanche;04/02/2020;2
27394030-0b1f-4a2d-91c1-cede2fe74ae5;Couronne des 3 Seigneurs;10/02/2021;2
c531bfc9-ea52-4bab-b684-3dcf1d1f4faa;Raclette;28/04/2020;4
fc27f17e-e9e0-4e0f-bda8-d014e29c5a7d;Buronnier de l’Aubrac;14/05/2020;4
7525cd93-f371-4964-a2ab-a3e504406249;Brillat-Savarin Truffoné;05/10/2020;4
af378659-fbb6-49c7-b258-f4064a798a4e;Rocamadour;13/05/2021;5
b5160b86-c26c-47dc-baba-c4955edfa96f;Cabécou;26/04/2021;2
365be242-8a11-417d-b42c-99c2825746b6;Raclette au foin;15/01/2020;1
15870873-84b7-4449-ae13-0a115a1051b8;Picodon;27/03/2021;2
1f3e363a-83d7-4a39-bb7e-15e27e746385;Bleu des Causses AOP;25/01/2020;1
4db9ac60-04c9-4cae-91c9-e756f3521698;Tomme fermière d’Alpage céronnée;19/02/2020;1
aa26b439-c6ab-45c5-a0b1-36d5d765474c;Bouyguette de chèvre;14/02/2021;2
d45cf1a8-0609-4aec-82e0-8794b396c4e6;Tomme de Rhuys;27/12/2020;3
ed6fa48e-9e5d-41dd-96df-c4b1949c51f0;Fontina d’alpage;16/03/2020;1
e3b569db-7cd1-4832-9423-7e559c81474b;Roquefort;28/04/2021;2
158227c0-0bee-4c82-8909-33531ed75a67;Pavin;18/06/2021;2
544b6e95-af88-421f-8f38-02483eefe5aa;Vacherin Vaudois;02/09/2020;2
030444cf-5d27-40ea-90e7-82c8c6c2aec3;Brie de Meaux AOP;18/10/2021;3
17364eaa-c709-404a-af9d-9645b4b504f2;Séchon de Vache;02/10/2021;3
5f1d231d-fa7f-43a8-8a7f-b7d6fd605355;Abondance;20/07/2020;2
9e19cc51-66be-4246-bd03-5ba6d279389c;Tomme de Tarentaise fermière;11/10/2020;5
1b59cc72-5a3d-4b0f-a666-dbbc75b5e7e6;Tomme de Rilhac Xaintrie;22/02/2020;1
5c6da113-ce18-4343-a707-0b28633e610b;Tome le Saulnois aux cones de Houblon;16/08/2021;5
8852cb59-fb0c-4e07-8c7d-2435728d017b;Skieur;09/10/2021;3
58ff6fc5-3a4a-4258-ac49-49acbb1b06aa;Gouda 48 mois;15/09/2020;3
8e3f5068-6499-48ce-b844-dc9e41282e71;Vercorais;04/01/2021;2
98d272bd-a527-4dc9-b356-d28fdf0f6c02;Bleu du Vercors-Sassenage;09/10/2021;1
c00f04a6-3b9f-4b0d-986d-775aa4c89dca;Meule d’été de Savoie;23/11/2021;4
4ffdac5d-8d42-4e4f-95be-a02e331c4063;Petite Bonde;21/02/2020;5
6cfa2045-ced9-4311-83ea-6470366580d9;Boulette d’avesnes;21/06/2020;1
e03e89a7-8f12-4ed8-a790-1a5b83096b63;Tomme au chniu;27/07/2021;1
b3ba9d2c-25d0-4e5a-a192-6417eff0ac88;Brie de Meaux AOP;05/04/2021;4
1663aa50-3aad-476f-8ca5-f2c13fd279d9;Lambet;06/12/2021;2
2d430251-a5e8-4657-b519-5fc8e36dc348;Neufchâtel;08/09/2021;4
3a631c98-a009-455c-b3c4-defd4ac67016;Olivet cendré;06/05/2020;5
c9077f61-1223-4889-94ae-f9069fca337c;Gaperon au chèvre;25/11/2021;1
1a77438f-b5d2-40f6-9e56-23c9b397bfb9;Saint-Jacques;08/06/2021;4
8c892f32-bd21-4c38-942e-12b214f60c3f;Guérandais fermier;28/06/2020;1
08544e98-35e8-4c66-88ac-a5f20c4791ae;Sainte-Maure de Touraine;06/11/2021;5
5e5cf509-83db-4267-aa2a-1da42e5ecd7a;Séchon de Vache;15/03/2021;2
9609696f-a70d-4396-b4b9-6d9023ced9aa;Massadel fermier;14/10/2020;3
23dfbf10-ac60-4932-9c89-d06f74154a61;Shropshire blue;25/05/2021;3
82a7682a-6f1f-4bee-8085-2aca6e644204;Brie de Brebis;10/08/2021;4
2bf405f6-6882-4e3a-8bd4-e39423993f09;Tomme fermière aux fleurs;09/02/2021;1
f12345fb-9f70-4a3d-9090-f8ab9fd271c7;Satonnay Pétales Roses;29/06/2020;5
b69f0504-eae7-4fbe-84ec-639289d116f7;Tomme fermière ancestrale;18/08/2021;3
86a80ea0-5ce0-4076-b936-221cdcdac90f;Tomme de Tauves;24/09/2020;4
d64b123e-5e52-4d50-9dc9-229eae4fdf30;Briquette de brebis;30/07/2021;3
979e4be7-eed6-4e73-a6c7-7a5ee3be3efc;Tomme de chèvre grise;14/08/2021;3
23c39b42-febe-4ca3-a889-72b65636a1da;Cambozola;15/10/2021;5
4546201f-7942-4d93-bea9-3d03a083fb8d;Tomme du Jura;09/09/2020;5
c701e28d-7b1a-4b24-9e51-6c711f0130a7;Pavé cendré;31/01/2020;1
6c9a5d58-e9a2-44c9-a597-9a007def74ac;Bleu des Bauges;09/10/2020;5
87f80cfd-66fb-45d3-b487-fea512213773;Tomme du Mont Jura;04/11/2021;1
56fefb49-d18c-4bfb-ba3a-c20cfc7d0f19;Pélardon;05/05/2020;5
5ba9fdd5-62e6-4784-91f2-4f3545165996;Vacherin Mont d’Or AOP;21/12/2020;3
520d3243-ec84-4fb7-8c51-76d06fe9c1ad;Briquette de brebis;04/08/2020;4
0fcd6d90-6383-4df3-bea4-d08e5ee2db3d;Guérandais fermier;19/04/2020;2
8e3cd886-af9c-48ad-a9b5-39ed44e173d3;Bleu des Causses AOP;15/06/2020;2
dcbf6597-e033-4296-8a38-979b3e274f9f;Chabis du Béarn;08/12/2020;4
c02267aa-e264-4a9e-a0ef-e909e05b070d;Rocamadour;28/11/2021;4
dfe61c8e-5ad7-4fec-97f2-529d6417615c;Bleu de Gex;18/12/2020;1
85fd0129-3766-4c46-adb6-c7e1979570d3;Abondance;20/12/2021;1
b4b26c48-801c-455d-8387-216319051624;Tomme fermière aux orties;04/02/2020;1
7e07671a-a876-418e-bc05-74efb6a23981;Besace Fermière;29/09/2021;5
d7c2d256-9aee-44ca-9566-79f1bf536f45;Pavé du Larzac;20/05/2020;5
da39821c-34c8-47bc-96d4-ef85e7e678d5;Briquette du Nord – Domino;07/01/2020;1
5a9d3697-d4aa-4698-afdd-20d04ab0e42e;Maroilles;13/07/2020;2
af979c8f-017c-46e2-8568-98f4d4e5eb1a;Bouyguette de chèvre;09/07/2021;5
ff1f6f23-780c-4e51-901b-d1024e1afc88;Crottin blanc;28/06/2020;5
c57a17a4-6b6c-49ad-a121-e9cb6e85fee7;Maroilles;05/04/2021;3
6631c92b-f206-4bcd-987e-56f54d5eb159;Curé Nantais;01/02/2020;3
47090a21-f3b4-4236-8bbb-e48bf0240883;Fourme d’Ambert;17/10/2021;5
2435e87f-6885-4a6e-b95e-544de1486f8f;Tomme Ail des ours;05/01/2021;5
9b7b1efc-ccb1-4224-8f8c-147644d61f2c;Chevrotin des Aravis;12/11/2020;2
3fcaf87e-f798-4a19-a08b-ec829dcb3c6f;Délice à la fleur de sel;15/06/2021;3
7313cb54-f3e3-433d-b52c-88b2924acd58;Tomme de chèvre de Savoie;17/12/2021;1
a44141b8-528a-48d8-a982-3a450ad98dec;Cheddar Little Black Bomber;23/12/2020;2
2f86535f-3871-4623-bb68-e44c941af136;Pardoux;02/04/2020;2
6783219d-58e1-4ff8-9c95-d337678b2f5d;Pavé cendré;20/03/2020;3
0664679f-b54c-4af4-a9b5-766645a397b6;Briquette de Cocumont;13/09/2021;3
9d0186ca-7a24-4c6a-bcd4-fec99b161acd;Tomyère;07/11/2021;2
c27d98df-ce89-41e3-924d-8db0cab3abf6;Tomme fermière;27/09/2021;2
7e85fb37-7f34-474b-a0a2-5e81799d09b6;Tomme mixte Vache-Brebis du Béarn;10/09/2020;2
3b76b312-d350-4845-ba95-4762bff1f629;Coeur cendré;19/08/2020;5
09288242-bc30-4f85-857f-f8335016b458;Roue cendrée;04/09/2021;1
dcfd1d6a-3e90-40a3-9bae-57b4d45efe07;Flocon de Savoie;21/05/2020;3
5e4d3e0c-9fd4-425d-a2a7-8d0456e12fa1;Cœur de Savoie;24/02/2020;1
14b42b51-ecbc-4722-8acd-95a46332c87d;Bouquetou du Vernet;11/06/2020;2
a01f9187-7fe3-4443-a923-4c9db096d154;Appenzeller;27/10/2021;2
dc63c909-7cb9-4e96-92e0-0a985bc61983;Chabis du Béarn;06/12/2021;1
5bd93a49-29fc-49fc-85b7-b277741d543e;Galernois;16/04/2021;3
a1ebdb2b-d758-4fb6-af69-12fd0ab53d0b;Crottin de Cocumont;08/09/2020;5
2d2ca111-2d23-405e-95cf-43e67338a500;Tomme de vache du Béarn;09/03/2021;4
319f6646-41e9-4c61-a824-6aa2320c0c14;Pardoux;15/06/2020;5
9dcacf81-1d47-439a-ab6b-ac6961902008;Cabrissoux;14/09/2020;4
4c45466e-bf5e-428f-b7bc-4ed4356b55d4;Cheddar;31/05/2021;2
224e20d4-e518-4047-9a47-6defc1eb7726;Péraldou;02/07/2021;2
29dcb63e-6b93-4f1b-b647-f2434bb31ba3;Reblochon;21/11/2021;2
24cd4737-316a-4704-883e-f16f3dfeba2c;Baudaïe Bio;27/07/2021;2
df6e46a4-db86-4e2f-b236-07b9769167e5;Bleu du Vercors-Sassenage;08/12/2020;4
a276932c-3a7b-4732-9d07-c4b5e894b3b1;Mont des Princes;30/01/2020;4
8e5b3d75-cdb1-4cd9-90ab-23ec4113e419;Vacherin Mont d’Or AOP;12/10/2021;4
dded660c-7a59-435a-98dc-f5f4f53348ce;Chabis du Béarn;30/07/2020;2
ef05abe1-5ec7-4a0b-8195-5f18f1caf0b1;Cabrissoux;18/06/2021;3
6be97b8b-53e3-42ce-a8aa-de0eca0a6381;Mont des Princes;24/09/2021;3
97cf8360-991b-4b1a-9496-7ac0432ad351;Bleu de Bonneval;14/01/2021;3
f50d4409-fdb3-481e-8dc1-400c8eacb78f;Brin d’Amour;22/05/2021;3
47f12341-2c87-49de-a1e4-b8f48ca5f23d;Tomme de Berry;24/01/2021;5
0b0abc00-9b92-4087-93ae-c6b877a9c1de;Brie de Chèvre;18/10/2021;5
20f36f82-7de5-4fe4-9ff2-1173fac7bd6d;Bourrichon;20/10/2021;5
b0abfe32-d43b-460d-b6cb-cfec93954b80;Brillat-Savarin Truffoné;02/01/2021;4
7673bb49-161d-46fc-9f9a-06ee4242a34c;Baudaïe Bio;22/12/2020;5
5090820c-535f-4e76-ae22-94b734527bf6;Pavé des Cévennes;16/05/2020;2
50667425-9f26-4b45-ab41-bd175b17cdee;Tomme de Brebis à la liqueur de noix;17/02/2020;3
1cb1d06b-5eae-4269-af4d-376d3e5dbed6;Bouton de culotte;25/11/2020;3
#NOMBRE!;Galopin;03/01/2020;4
58dc9f49-21a0-478d-8907-ce90f567f70f;Bourrichon;18/10/2021;5
575bac88-d143-4425-94ae-c7c0f119b979;Cambozola;18/08/2021;1
0851fcd6-b3d8-43c8-bc41-31d6db517f96;Brillat-Savarin AOP;08/01/2020;3
ec96684f-a847-4a26-8f8b-09a66fd7f1a7;Tomme fumée;13/11/2021;4
33e2663d-8c11-481e-be8b-f84fb670ed72;Bleu du Vercors-Sassenage;06/02/2020;3
8ac93c25-1470-41b0-ba38-917fcd0867de;Feuille du Limousin;17/02/2020;1
b0c42bc6-3bbc-42d1-b8ae-b8722ae0ddb9;Guérandais fermier;06/01/2020;1
3852e90e-a975-4073-9a72-fb39551dbb16;Tome le Saulnois aux cones de Houblon;21/04/2021;1
d0d96acc-f557-432c-af9d-1a62c9ce1fff;Tomme tradition au Poivre;30/03/2021;4
4114c3d7-9d1d-4e46-85e7-85e46601e525;Ariégeois;27/03/2020;4
79effef5-69af-4b1c-b835-fc19466ca828;Péraldou;16/07/2021;5
78466e2a-d569-4224-b1aa-c798350d8ca2;Tome le Saulnois aux cones de Houblon;11/01/2020;4
665aa470-02f8-4aee-9975-5ed7e216b8ae;Tomme de Rilhac Xaintrie;01/10/2020;2
045951a5-7e63-438a-9a21-6ea02e113234;Cheddar Little Black Bomber;24/10/2020;3
7636f8e7-f01c-40f9-bf5a-c67c5003be84;Carré blanc;22/12/2021;1
43d5f56e-ceeb-4b76-8179-483d71b94d29;Gruyère Suisse d’Alpage AOC;13/01/2021;5
f1e2ac1f-44eb-4359-9f4c-e1b3d3130d0f;Briquette du Nord – Domino;20/01/2021;3
b98da2e4-db04-455f-b830-ee1c0b147de9;Soumaintrain;10/09/2020;4
c756730c-4572-4d8c-bf2b-e0ce45873d87;Parmigiano reggiano;03/08/2020;4
8fdeaa61-8cd5-4344-a7c6-9052683a08b0;Olivet cendré;14/01/2020;2
66b6c5f3-5f2b-4e0b-81d1-96898392a670;Sillon bleu de Vache;12/07/2021;3
6df4fb70-0ecd-4105-8154-2c83a5dfec19;Brin d’Amour;12/12/2021;3
29f59b9a-555a-4888-8934-b69eeaf78e2e;Tomme au foin;10/06/2020;4
9998f50e-f79d-41f1-9f42-8840a0b93b38;Grand Carré;22/07/2020;1
ea2ddc84-4f20-4c1e-9572-8cd3724f2eb0;Bleu fermier de Haute Savoie;22/05/2021;5
c04b69f3-948c-43a5-ba4e-af34b1659f28;Mascarpone;09/07/2021;4
fedb42ae-0171-4dee-8fdd-f6fb20a169dc;Skieur;03/09/2020;2
53315f3d-825f-4fdb-8168-8f76e1127b05;Crottin cendré;19/06/2021;1
af490b9b-56b2-40c5-bd62-b08c1ee6c9ca;Massadel fermier;05/11/2020;1
8138039d-762c-4db2-ac0b-dab7dd8076f1;Galet boisé;28/10/2020;2
33fd1da5-feb4-4837-9ffb-f34b0ef65982;Tommette de Montagne;05/01/2020;5
ed603283-650b-41c2-883a-ea0ab1c40a36;Tomme de Montagne Dent du Chat;19/11/2021;4
8e01f10e-73ff-440c-8877-1a19be2018e4;Brousse de Brebis;30/05/2020;2
10482702-b770-475b-9fcb-03e435a792d2;Pavé Corrézien Mité;01/11/2021;4
9a14ee61-6b01-4f33-b512-3c490c0cd688;tête de Moine;19/04/2021;2
8685497b-605c-49dd-9646-645c496e4b40;Comté AOP;17/11/2021;5
b1a6a790-b8be-43a5-a5e7-20e69418e305;Tomme de Brebis des Pyrénées;19/11/2021;2
3e45ebff-4d3d-41ef-bd23-7f0a361fb3b7;Tomme du Berry demi-vieille;29/07/2020;5
eee8565c-97bc-4453-a7a0-26edef95ab13;Rove fermier;15/05/2020;4
197ed375-02f8-4d77-9c91-7af0c374ebd1;Fourme fermière Valcivières;12/07/2021;5
9c276f64-b9f9-4c29-813e-4bf75f98f777;Ariégeois;08/10/2021;1
096ab90e-3d9f-4353-ba1b-6f7fb924dbf2;Petit Chistera;21/08/2021;1
fd5e85ee-11ae-486a-ad3a-4ff054f588cd;Brie de Melun AOP;22/09/2020;1
85ea311e-2d60-4fe0-8704-884175c9346a;Crémeux d’Ossau;10/07/2021;3
a159c751-fab1-4245-81f5-084ae219f6f7;Chartreux;01/09/2020;1
4a89066b-b2e5-42db-84ef-759c05824e35;Massadel fermier;29/01/2020;1
a964ecbd-7118-4481-8a13-d527ac42bf95;Tomme de Berry;31/03/2020;2
b2ffd08b-fd74-4022-a437-fa003d88a810;Chèvre cendré de Cocumont;05/07/2020;3
40690993-01f8-47a3-857b-8f4bade81cf9;Tomme des Allobroges;14/04/2021;1
2791f63a-ac48-444e-ba29-8ba79aaada0a;Crottin cendré;27/04/2020;5
da7b829e-6e19-4fc3-bed8-8e1f8e17dcd9;Gouda Truffé;06/03/2021;1
77c0e18a-1c6b-490b-aede-6da226c7a406;Bleu de laqueuille;21/02/2021;2
692aa288-a1d7-451f-af3f-e49bf8999ce3;Maroilles;18/08/2021;1
07b6962b-ac42-4d34-b254-80b3e2173041;Galernois;07/07/2020;2
fa2f93ca-fbd6-48d1-b31f-cddc920f785f;Rigotte de vache;23/01/2020;5
307daaaa-c1c8-409e-b7cb-4f0c3a1f4572;Brin d’Amour;31/03/2021;1
1f864bd6-09a3-44f1-9ac7-ba952d949a45;Meule des Alpes;09/07/2020;5
69fd3084-4af1-447b-899d-6ca546f78435;Lingot du berger;27/04/2021;5
d7c4897e-7a53-4f5c-9695-1cf41aa7d615;Rigotte de vache;21/09/2021;3
6a1e6ba4-443e-4958-beee-c69fa8856479;Colombier des Aillons;05/08/2021;4
8618da2f-918b-42be-847d-5daa96879ef2;Bichonnet;18/12/2020;2
